history:LTA_REF/LTA_1A_TEMP,,,
2019-十月-1 00:00 AM CT  to  2019-十月-16 14:29 PM CT,,,
,,,
Timestamp,Trend Flags,Status,Value (°F)
2019-十月-8 18:10:00 PM CT,{start},"{fault,down,stale}",-40.0 °F
2019-十月-8 18:20:00 PM CT,{ },"{fault,down,stale}",-40.0 °F
2019-十月-8 18:30:00 PM CT,{ },"{fault,down,stale}",-40.0 °F
2019-十月-8 18:40:00 PM CT,{ },"{fault,down,stale}",-40.0 °F
2019-十月-8 18:50:00 PM CT,{ },"{fault,down,stale}",-40.0 °F
2019-十月-8 19:00:00 PM CT,{ },"{fault,down,stale}",-40.0 °F
2019-十月-8 19:10:00 PM CT,{ },"{fault,down,stale}",-40.0 °F
2019-十月-8 19:20:00 PM CT,{ },"{fault,down,stale}",-40.0 °F
2019-十月-8 19:30:00 PM CT,{ },"{fault,down,stale}",-40.0 °F
2019-十月-8 19:40:00 PM CT,{ },"{fault,down,stale}",-40.0 °F
2019-十月-8 19:50:00 PM CT,{ },"{fault,down,stale}",-40.0 °F
2019-十月-8 20:00:00 PM CT,{ },"{fault,down,stale}",-40.0 °F
2019-十月-8 20:10:00 PM CT,{ },"{fault,down,stale}",-40.0 °F
2019-十月-8 20:20:00 PM CT,{ },"{fault,down,stale}",-40.0 °F
2019-十月-8 20:30:00 PM CT,{ },"{fault,down,stale}",-40.0 °F
2019-十月-8 20:40:00 PM CT,{ },"{fault,down,stale}",-40.0 °F
2019-十月-8 20:50:00 PM CT,{ },"{fault,down,stale}",-40.0 °F
2019-十月-8 21:00:00 PM CT,{ },"{fault,down,stale}",-40.0 °F
2019-十月-8 21:10:00 PM CT,{ },"{fault,down,stale}",-40.0 °F
2019-十月-8 21:20:00 PM CT,{ },"{fault,down,stale}",-40.0 °F
2019-十月-8 21:30:00 PM CT,{ },"{fault,down,stale}",-40.0 °F
2019-十月-8 21:40:00 PM CT,{ },"{fault,down,stale}",-40.0 °F
2019-十月-8 21:50:00 PM CT,{ },"{fault,down,stale}",-40.0 °F
2019-十月-8 22:00:00 PM CT,{ },"{fault,down,stale}",-40.0 °F
2019-十月-8 22:10:00 PM CT,{ },"{fault,down,stale}",-40.0 °F
2019-十月-8 22:20:00 PM CT,{ },"{fault,down,stale}",-40.0 °F
2019-十月-8 22:30:00 PM CT,{ },"{fault,down,stale}",-40.0 °F
2019-十月-8 22:40:00 PM CT,{ },"{fault,down,stale}",-40.0 °F
2019-十月-8 22:50:00 PM CT,{ },"{fault,down,stale}",-40.0 °F
2019-十月-8 23:00:00 PM CT,{ },"{fault,down,stale}",-40.0 °F
2019-十月-8 23:10:00 PM CT,{ },"{fault,down,stale}",-40.0 °F
2019-十月-8 23:20:00 PM CT,{ },"{fault,down,stale}",-40.0 °F
2019-十月-8 23:30:00 PM CT,{ },"{fault,down,stale}",-40.0 °F
2019-十月-8 23:40:00 PM CT,{ },"{fault,down,stale}",-40.0 °F
2019-十月-8 23:50:00 PM CT,{ },"{fault,down,stale}",-40.0 °F
2019-十月-9 00:00:00 AM CT,{ },"{fault,down,stale}",-40.0 °F
2019-十月-9 00:10:00 AM CT,{ },"{fault,down,stale}",-40.0 °F
2019-十月-9 00:20:00 AM CT,{ },"{fault,down,stale}",-40.0 °F
2019-十月-9 00:30:00 AM CT,{ },"{fault,down,stale}",-40.0 °F
2019-十月-9 00:40:00 AM CT,{ },"{fault,down,stale}",-40.0 °F
2019-十月-9 00:50:00 AM CT,{ },"{fault,down,stale}",-40.0 °F
2019-十月-9 01:00:00 AM CT,{ },"{fault,down,stale}",-40.0 °F
2019-十月-9 01:10:00 AM CT,{ },"{fault,down,stale}",-40.0 °F
2019-十月-9 01:20:00 AM CT,{ },"{fault,down,stale}",-40.0 °F
2019-十月-9 01:30:00 AM CT,{ },"{fault,down,stale}",-40.0 °F
2019-十月-9 01:40:00 AM CT,{ },"{fault,down,stale}",-40.0 °F
2019-十月-9 01:50:00 AM CT,{ },"{fault,down,stale}",-40.0 °F
2019-十月-9 02:00:00 AM CT,{ },"{fault,down,stale}",-40.0 °F
2019-十月-9 02:10:00 AM CT,{ },"{fault,down,stale}",-40.0 °F
2019-十月-9 02:20:00 AM CT,{ },"{fault,down,stale}",-40.0 °F
2019-十月-9 02:30:00 AM CT,{ },"{fault,down,stale}",-40.0 °F
2019-十月-9 02:40:00 AM CT,{ },"{fault,down,stale}",-40.0 °F
2019-十月-9 02:50:00 AM CT,{ },"{fault,down,stale}",-40.0 °F
2019-十月-9 03:00:00 AM CT,{ },"{fault,down,stale}",-40.0 °F
2019-十月-9 03:10:00 AM CT,{ },"{fault,down,stale}",-40.0 °F
2019-十月-9 03:20:00 AM CT,{ },"{fault,down,stale}",-40.0 °F
2019-十月-9 03:30:00 AM CT,{ },"{fault,down,stale}",-40.0 °F
2019-十月-9 03:40:00 AM CT,{ },"{fault,down,stale}",-40.0 °F
2019-十月-9 03:50:00 AM CT,{ },"{fault,down,stale}",-40.0 °F
2019-十月-9 04:00:00 AM CT,{ },"{fault,down,stale}",-40.0 °F
2019-十月-9 04:10:00 AM CT,{ },"{fault,down,stale}",-40.0 °F
2019-十月-9 04:20:00 AM CT,{ },"{fault,down,stale}",-40.0 °F
2019-十月-9 04:30:00 AM CT,{ },"{fault,down,stale}",-40.0 °F
2019-十月-9 04:40:00 AM CT,{ },"{fault,down,stale}",-40.0 °F
2019-十月-9 04:50:00 AM CT,{ },"{fault,down,stale}",-40.0 °F
2019-十月-9 05:00:00 AM CT,{ },"{fault,down,stale}",-40.0 °F
2019-十月-9 05:10:00 AM CT,{ },"{fault,down,stale}",-40.0 °F
2019-十月-9 05:20:00 AM CT,{ },"{fault,down,stale}",-40.0 °F
2019-十月-9 05:30:00 AM CT,{ },"{fault,down,stale}",-40.0 °F
2019-十月-9 05:40:00 AM CT,{ },"{fault,down,stale}",-40.0 °F
2019-十月-9 05:50:00 AM CT,{ },"{fault,down,stale}",-40.0 °F
2019-十月-9 06:00:00 AM CT,{ },"{fault,down,stale}",-40.0 °F
2019-十月-9 06:10:00 AM CT,{ },"{fault,down,stale}",-40.0 °F
2019-十月-9 06:20:00 AM CT,{ },"{fault,down,stale}",-40.0 °F
2019-十月-9 06:30:00 AM CT,{ },"{fault,down,stale}",-40.0 °F
2019-十月-9 06:40:00 AM CT,{ },"{fault,down,stale}",-40.0 °F
2019-十月-9 06:50:00 AM CT,{ },"{fault,down,stale}",-40.0 °F
2019-十月-9 07:00:00 AM CT,{ },"{fault,down,stale}",-40.0 °F
2019-十月-9 07:10:00 AM CT,{ },"{fault,down,stale}",-40.0 °F
2019-十月-9 07:20:00 AM CT,{ },"{fault,down,stale}",-40.0 °F
2019-十月-9 07:30:00 AM CT,{ },"{fault,down,stale}",-40.0 °F
2019-十月-9 07:40:00 AM CT,{ },"{fault,down,stale}",-40.0 °F
2019-十月-9 07:50:00 AM CT,{ },"{fault,down,stale}",-40.0 °F
2019-十月-9 08:00:00 AM CT,{ },"{fault,down,stale}",-40.0 °F
2019-十月-9 08:10:00 AM CT,{ },"{fault,down,stale}",-40.0 °F
2019-十月-9 08:20:00 AM CT,{ },"{fault,down,stale}",-40.0 °F
2019-十月-9 08:30:00 AM CT,{ },"{fault,down,stale}",-40.0 °F
2019-十月-9 08:40:00 AM CT,{ },"{fault,down,stale}",-40.0 °F
2019-十月-9 08:50:00 AM CT,{ },"{fault,down,stale}",-40.0 °F
2019-十月-9 09:00:00 AM CT,{ },"{fault,down,stale}",-40.0 °F
2019-十月-9 09:10:00 AM CT,{ },"{fault,down,stale}",-40.0 °F
2019-十月-9 09:20:00 AM CT,{ },"{fault,down,stale}",-40.0 °F
2019-十月-9 09:30:00 AM CT,{ },"{fault,down,stale}",-40.0 °F
2019-十月-9 09:40:00 AM CT,{ },"{fault,down,stale}",-40.0 °F
2019-十月-9 09:50:00 AM CT,{ },"{fault,down,stale}",-40.0 °F
2019-十月-9 10:00:00 AM CT,{ },"{fault,down,stale}",-40.0 °F
2019-十月-9 10:10:00 AM CT,{ },"{fault,down,stale}",-40.0 °F
2019-十月-9 10:20:00 AM CT,{ },"{fault,down,stale}",-40.0 °F
2019-十月-9 10:30:00 AM CT,{ },"{fault,down,stale}",-40.0 °F
2019-十月-9 10:40:00 AM CT,{ },"{fault,down,stale}",-40.0 °F
2019-十月-9 10:50:00 AM CT,{ },"{fault,down,stale}",-40.0 °F
2019-十月-9 11:00:00 AM CT,{ },"{fault,down,stale}",-40.0 °F
2019-十月-9 11:10:00 AM CT,{ },"{fault,down,stale}",-40.0 °F
2019-十月-9 11:20:00 AM CT,{ },"{fault,down,stale}",-40.0 °F
2019-十月-9 11:30:00 AM CT,{ },"{fault,down,stale}",-40.0 °F
2019-十月-9 11:40:00 AM CT,{ },"{fault,down,stale}",-40.0 °F
2019-十月-9 11:50:00 AM CT,{ },"{fault,down,stale}",-40.0 °F
2019-十月-9 12:00:00 PM CT,{ },"{fault,alarm,unackedAlarm}",-39.5 °F
2019-十月-9 12:10:00 PM CT,{ },"{fault,alarm,unackedAlarm}",-39.5 °F
2019-十月-9 12:20:00 PM CT,{ },"{fault,alarm,unackedAlarm}",-39.5 °F
2019-十月-9 12:30:00 PM CT,{ },"{fault,alarm,unackedAlarm}",-39.5 °F
2019-十月-9 12:40:00 PM CT,{ },"{fault,alarm,unackedAlarm}",-39.5 °F
2019-十月-9 12:50:00 PM CT,{ },"{fault,alarm,unackedAlarm}",-39.5 °F
2019-十月-9 13:00:00 PM CT,{ },"{fault,alarm,unackedAlarm}",-39.5 °F
2019-十月-9 13:10:00 PM CT,{ },"{fault,alarm,unackedAlarm}",-1.0 °F
2019-十月-9 13:20:00 PM CT,{ },"{fault,alarm,unackedAlarm}",-19.5 °F
2019-十月-9 13:30:00 PM CT,{ },"{fault,alarm,unackedAlarm}",-29.0 °F
2019-十月-9 13:40:00 PM CT,{ },"{fault,alarm,unackedAlarm}",-39.5 °F
2019-十月-9 13:50:00 PM CT,{ },"{fault,alarm,unackedAlarm}",-39.5 °F
2019-十月-9 14:00:00 PM CT,{ },"{fault,alarm,unackedAlarm}",-39.5 °F
2019-十月-9 14:10:00 PM CT,{ },"{alarm,unackedAlarm}",-6.0 °F
2019-十月-9 14:20:00 PM CT,{ },"{fault,alarm,unackedAlarm}",-39.5 °F
2019-十月-9 14:30:00 PM CT,{ },"{alarm,unackedAlarm}",-16.0 °F
2019-十月-9 14:40:00 PM CT,{ },"{fault,alarm,unackedAlarm}",-39.5 °F
2019-十月-9 14:50:00 PM CT,{ },"{fault,alarm,unackedAlarm}",-39.5 °F
2019-十月-9 15:00:00 PM CT,{ },"{fault,unackedAlarm}",88.0 °F
2019-十月-9 15:10:00 PM CT,{ },"{fault,unackedAlarm}",88.0 °F
2019-十月-9 15:20:00 PM CT,{ },{unackedAlarm},7.5 °F
2019-十月-9 15:30:00 PM CT,{ },{unackedAlarm},-6.0 °F
2019-十月-9 15:40:01 PM CT,{ },{unackedAlarm},-5.5 °F
2019-十月-9 15:50:00 PM CT,{ },{unackedAlarm},-4.5 °F
2019-十月-9 16:00:00 PM CT,{ },{unackedAlarm},-7.0 °F
2019-十月-9 16:10:00 PM CT,{ },{unackedAlarm},-6.0 °F
2019-十月-9 16:20:00 PM CT,{ },{unackedAlarm},-7.5 °F
2019-十月-9 16:30:00 PM CT,{ },{unackedAlarm},-5.5 °F
2019-十月-9 16:40:00 PM CT,{ },{unackedAlarm},-7.5 °F
2019-十月-9 16:50:00 PM CT,{ },{unackedAlarm},-4.5 °F
2019-十月-9 17:00:00 PM CT,{ },{unackedAlarm},-8.0 °F
2019-十月-9 17:30:00 PM CT,{start},{unackedAlarm},4.5 °F
2019-十月-9 17:40:00 PM CT,{ },{unackedAlarm},-5.5 °F
2019-十月-9 17:50:00 PM CT,{ },{unackedAlarm},-5.0 °F
2019-十月-9 18:00:00 PM CT,{ },{unackedAlarm},-5.5 °F
2019-十月-9 18:10:00 PM CT,{ },{unackedAlarm},-7.5 °F
2019-十月-9 18:20:00 PM CT,{ },{unackedAlarm},-8.0 °F
2019-十月-9 18:30:00 PM CT,{ },{unackedAlarm},-6.0 °F
2019-十月-9 18:40:00 PM CT,{ },{unackedAlarm},-5.5 °F
2019-十月-9 18:50:00 PM CT,{ },{unackedAlarm},-7.5 °F
2019-十月-9 19:00:00 PM CT,{ },{unackedAlarm},-4.5 °F
2019-十月-9 19:10:00 PM CT,{ },{unackedAlarm},-8.0 °F
2019-十月-9 19:20:00 PM CT,{ },{unackedAlarm},-3.5 °F
2019-十月-9 19:30:00 PM CT,{ },{unackedAlarm},-7.5 °F
2019-十月-9 19:40:00 PM CT,{ },{unackedAlarm},-5.5 °F
2019-十月-9 19:50:00 PM CT,{ },{unackedAlarm},-5.5 °F
2019-十月-9 20:00:00 PM CT,{ },{unackedAlarm},-6.0 °F
2019-十月-9 20:10:00 PM CT,{ },{unackedAlarm},7.0 °F
2019-十月-9 20:20:00 PM CT,{ },{unackedAlarm},-10.0 °F
2019-十月-9 20:30:00 PM CT,{ },{unackedAlarm},40.5 °F
2019-十月-9 20:40:00 PM CT,{ },{unackedAlarm},6.0 °F
2019-十月-9 20:50:00 PM CT,{ },"{fault,unackedAlarm}",-39.5 °F
2019-十月-9 21:00:00 PM CT,{ },{unackedAlarm},-3.0 °F
2019-十月-9 21:10:00 PM CT,{ },{unackedAlarm},-9.5 °F
2019-十月-9 21:20:00 PM CT,{ },{unackedAlarm},-6.0 °F
2019-十月-9 21:30:00 PM CT,{ },{unackedAlarm},-6.0 °F
2019-十月-9 21:40:00 PM CT,{ },{unackedAlarm},-6.5 °F
2019-十月-9 21:50:00 PM CT,{ },{unackedAlarm},-5.5 °F
2019-十月-9 22:00:00 PM CT,{ },{unackedAlarm},-6.5 °F
2019-十月-9 22:10:00 PM CT,{ },{unackedAlarm},-5.5 °F
2019-十月-9 22:20:00 PM CT,{ },{unackedAlarm},-6.0 °F
2019-十月-9 22:30:00 PM CT,{ },{unackedAlarm},-6.5 °F
2019-十月-9 22:40:00 PM CT,{ },{unackedAlarm},-8.0 °F
2019-十月-9 22:50:00 PM CT,{ },{unackedAlarm},-6.0 °F
2019-十月-9 23:00:00 PM CT,{ },{unackedAlarm},-8.0 °F
2019-十月-9 23:10:00 PM CT,{ },{unackedAlarm},-5.5 °F
2019-十月-9 23:20:00 PM CT,{ },{unackedAlarm},-5.0 °F
2019-十月-9 23:30:00 PM CT,{ },{unackedAlarm},-7.5 °F
2019-十月-9 23:40:00 PM CT,{ },{unackedAlarm},-5.5 °F
2019-十月-9 23:50:00 PM CT,{ },{unackedAlarm},-7.0 °F
2019-十月-10 00:00:00 AM CT,{ },{unackedAlarm},-7.0 °F
2019-十月-10 00:10:00 AM CT,{ },{unackedAlarm},-6.0 °F
2019-十月-10 00:20:00 AM CT,{ },{unackedAlarm},-6.0 °F
2019-十月-10 00:30:00 AM CT,{ },{unackedAlarm},-6.5 °F
2019-十月-10 00:40:00 AM CT,{ },{unackedAlarm},-6.0 °F
2019-十月-10 00:50:00 AM CT,{ },{unackedAlarm},-9.0 °F
2019-十月-10 01:00:00 AM CT,{ },{unackedAlarm},-9.0 °F
2019-十月-10 01:10:00 AM CT,{ },{unackedAlarm},-5.5 °F
2019-十月-10 01:20:00 AM CT,{ },{unackedAlarm},-8.5 °F
2019-十月-10 01:30:00 AM CT,{ },{unackedAlarm},-9.0 °F
2019-十月-10 01:40:00 AM CT,{ },{unackedAlarm},-6.5 °F
2019-十月-10 01:50:00 AM CT,{ },{unackedAlarm},-7.5 °F
2019-十月-10 02:00:00 AM CT,{ },{unackedAlarm},-7.0 °F
2019-十月-10 02:10:00 AM CT,{ },{unackedAlarm},8.0 °F
2019-十月-10 02:20:00 AM CT,{ },{unackedAlarm},31.5 °F
2019-十月-10 02:30:00 AM CT,{ },{unackedAlarm},42.5 °F
2019-十月-10 02:40:00 AM CT,{ },{unackedAlarm},-8.0 °F
2019-十月-10 02:50:00 AM CT,{ },{unackedAlarm},3.5 °F
2019-十月-10 03:00:00 AM CT,{ },{unackedAlarm},-1.0 °F
2019-十月-10 03:10:00 AM CT,{ },{unackedAlarm},-5.0 °F
2019-十月-10 03:20:00 AM CT,{ },{unackedAlarm},-6.5 °F
2019-十月-10 03:30:00 AM CT,{ },{unackedAlarm},-7.0 °F
2019-十月-10 03:40:00 AM CT,{ },{unackedAlarm},-1.5 °F
2019-十月-10 03:50:00 AM CT,{ },{unackedAlarm},-7.0 °F
2019-十月-10 04:00:00 AM CT,{ },{unackedAlarm},-5.0 °F
2019-十月-10 04:10:00 AM CT,{ },{unackedAlarm},-7.5 °F
2019-十月-10 04:20:00 AM CT,{ },{unackedAlarm},-3.5 °F
2019-十月-10 04:30:00 AM CT,{ },{unackedAlarm},-8.5 °F
2019-十月-10 04:40:00 AM CT,{ },{unackedAlarm},-7.0 °F
2019-十月-10 04:50:00 AM CT,{ },{unackedAlarm},-5.5 °F
2019-十月-10 05:00:00 AM CT,{ },{unackedAlarm},-8.5 °F
2019-十月-10 05:10:00 AM CT,{ },{unackedAlarm},-4.5 °F
2019-十月-10 05:20:00 AM CT,{ },{unackedAlarm},-7.0 °F
2019-十月-10 05:30:00 AM CT,{ },{unackedAlarm},-6.0 °F
2019-十月-10 05:40:00 AM CT,{ },{unackedAlarm},-7.0 °F
2019-十月-10 05:50:00 AM CT,{ },{unackedAlarm},-6.0 °F
2019-十月-10 06:00:00 AM CT,{ },{unackedAlarm},-6.5 °F
2019-十月-10 06:10:00 AM CT,{ },{unackedAlarm},-6.5 °F
2019-十月-10 06:20:00 AM CT,{ },{unackedAlarm},-7.5 °F
2019-十月-10 06:30:00 AM CT,{ },{unackedAlarm},-6.5 °F
2019-十月-10 06:40:00 AM CT,{ },{unackedAlarm},-8.5 °F
2019-十月-10 06:50:00 AM CT,{ },{unackedAlarm},-7.0 °F
2019-十月-10 07:00:00 AM CT,{ },{unackedAlarm},-7.0 °F
2019-十月-10 07:10:00 AM CT,{ },{unackedAlarm},-7.5 °F
2019-十月-10 07:20:00 AM CT,{ },{unackedAlarm},-3.5 °F
2019-十月-10 07:30:00 AM CT,{ },{unackedAlarm},-6.0 °F
2019-十月-10 07:40:00 AM CT,{ },{unackedAlarm},-8.0 °F
2019-十月-10 07:50:00 AM CT,{ },{unackedAlarm},-6.5 °F
2019-十月-10 08:00:00 AM CT,{ },{unackedAlarm},-7.5 °F
2019-十月-10 08:10:00 AM CT,{ },{unackedAlarm},8.5 °F
2019-十月-10 08:20:00 AM CT,{ },{unackedAlarm},30.5 °F
2019-十月-10 08:30:00 AM CT,{ },{unackedAlarm},42.5 °F
2019-十月-10 08:40:00 AM CT,{ },{unackedAlarm},-3.0 °F
2019-十月-10 08:50:00 AM CT,{ },{unackedAlarm},-18.5 °F
2019-十月-10 09:00:00 AM CT,{ },{unackedAlarm},-0.5 °F
2019-十月-10 09:10:00 AM CT,{ },{unackedAlarm},-11.5 °F
2019-十月-10 09:20:00 AM CT,{ },{unackedAlarm},-4.5 °F
2019-十月-10 09:30:00 AM CT,{ },{unackedAlarm},-5.0 °F
2019-十月-10 09:40:00 AM CT,{ },{unackedAlarm},-4.5 °F
2019-十月-10 09:50:00 AM CT,{ },{unackedAlarm},-7.0 °F
2019-十月-10 10:00:00 AM CT,{ },{unackedAlarm},-6.5 °F
2019-十月-10 10:10:00 AM CT,{ },{unackedAlarm},-6.5 °F
2019-十月-10 10:20:00 AM CT,{ },{unackedAlarm},-5.5 °F
2019-十月-10 10:30:00 AM CT,{ },{unackedAlarm},-7.5 °F
2019-十月-10 10:40:00 AM CT,{ },{unackedAlarm},-3.5 °F
2019-十月-10 10:50:00 AM CT,{ },{unackedAlarm},-3.5 °F
2019-十月-10 11:00:00 AM CT,{ },{unackedAlarm},-6.5 °F
2019-十月-10 11:10:00 AM CT,{ },{unackedAlarm},-8.0 °F
2019-十月-10 11:20:00 AM CT,{ },{unackedAlarm},-3.5 °F
2019-十月-10 11:30:00 AM CT,{ },{unackedAlarm},-7.5 °F
2019-十月-10 11:40:00 AM CT,{ },{unackedAlarm},-7.0 °F
2019-十月-10 11:50:00 AM CT,{ },{unackedAlarm},-5.5 °F
2019-十月-10 12:00:00 PM CT,{ },{unackedAlarm},-7.0 °F
2019-十月-10 12:10:00 PM CT,{ },{unackedAlarm},-6.5 °F
2019-十月-10 12:20:00 PM CT,{ },{unackedAlarm},-8.0 °F
2019-十月-10 12:30:00 PM CT,{ },{unackedAlarm},-8.0 °F
2019-十月-10 12:40:00 PM CT,{ },{unackedAlarm},-6.0 °F
2019-十月-10 12:50:00 PM CT,{ },{unackedAlarm},-8.0 °F
2019-十月-10 13:00:00 PM CT,{ },{unackedAlarm},-5.5 °F
2019-十月-10 13:10:00 PM CT,{ },{unackedAlarm},-7.0 °F
2019-十月-10 13:20:00 PM CT,{ },{unackedAlarm},-5.5 °F
2019-十月-10 13:30:00 PM CT,{ },{unackedAlarm},-8.5 °F
2019-十月-10 13:40:00 PM CT,{ },{unackedAlarm},-5.0 °F
2019-十月-10 13:50:00 PM CT,{ },{unackedAlarm},-7.0 °F
2019-十月-10 14:00:00 PM CT,{ },{unackedAlarm},-6.5 °F
2019-十月-10 14:10:00 PM CT,{ },{unackedAlarm},14.5 °F
2019-十月-10 14:20:00 PM CT,{ },{unackedAlarm},37.0 °F
2019-十月-10 14:30:00 PM CT,{ },{unackedAlarm},47.5 °F
2019-十月-10 14:40:00 PM CT,{ },"{fault,unackedAlarm}",-39.5 °F
2019-十月-10 14:50:00 PM CT,{ },{unackedAlarm},-15.0 °F
2019-十月-10 15:00:00 PM CT,{ },{unackedAlarm},-6.0 °F
2019-十月-10 15:10:00 PM CT,{ },{unackedAlarm},-5.5 °F
2019-十月-10 15:20:00 PM CT,{ },{unackedAlarm},-7.0 °F
2019-十月-10 15:30:00 PM CT,{ },{unackedAlarm},-5.5 °F
2019-十月-10 15:40:00 PM CT,{ },{unackedAlarm},-6.0 °F
2019-十月-10 15:50:00 PM CT,{ },{unackedAlarm},-5.5 °F
2019-十月-10 16:00:00 PM CT,{ },{unackedAlarm},-7.0 °F
2019-十月-10 16:10:00 PM CT,{ },{unackedAlarm},-9.0 °F
2019-十月-10 16:20:00 PM CT,{ },{unackedAlarm},-5.5 °F
2019-十月-10 16:30:00 PM CT,{ },{unackedAlarm},-6.5 °F
2019-十月-10 16:40:00 PM CT,{ },{unackedAlarm},-5.0 °F
2019-十月-10 16:50:00 PM CT,{ },{unackedAlarm},-3.5 °F
2019-十月-10 17:00:00 PM CT,{ },{unackedAlarm},-7.0 °F
2019-十月-10 17:10:00 PM CT,{ },{unackedAlarm},-2.5 °F
2019-十月-10 17:20:00 PM CT,{ },{unackedAlarm},-3.5 °F
2019-十月-10 17:30:00 PM CT,{ },{unackedAlarm},-6.5 °F
2019-十月-10 17:40:00 PM CT,{ },{unackedAlarm},-5.0 °F
2019-十月-10 17:50:00 PM CT,{ },{unackedAlarm},-4.5 °F
2019-十月-10 18:00:00 PM CT,{ },{unackedAlarm},-2.5 °F
2019-十月-10 18:10:00 PM CT,{ },{unackedAlarm},-6.0 °F
2019-十月-10 18:20:00 PM CT,{ },{unackedAlarm},-6.5 °F
2019-十月-10 18:30:00 PM CT,{ },{unackedAlarm},-5.0 °F
2019-十月-10 18:40:00 PM CT,{ },{unackedAlarm},-6.5 °F
2019-十月-10 18:50:00 PM CT,{ },{unackedAlarm},-3.5 °F
2019-十月-10 19:00:00 PM CT,{ },{unackedAlarm},-7.0 °F
2019-十月-10 19:10:00 PM CT,{ },{unackedAlarm},-4.5 °F
2019-十月-10 19:20:00 PM CT,{ },{unackedAlarm},-4.0 °F
2019-十月-10 19:30:00 PM CT,{ },{unackedAlarm},-7.0 °F
2019-十月-10 19:40:00 PM CT,{ },{unackedAlarm},-6.0 °F
2019-十月-10 19:50:00 PM CT,{ },{unackedAlarm},-3.0 °F
2019-十月-10 20:00:00 PM CT,{ },{unackedAlarm},-7.0 °F
2019-十月-10 20:10:00 PM CT,{ },{unackedAlarm},13.0 °F
2019-十月-10 20:20:00 PM CT,{ },{unackedAlarm},36.0 °F
2019-十月-10 20:30:00 PM CT,{ },{unackedAlarm},45.5 °F
2019-十月-10 20:40:00 PM CT,{ },{unackedAlarm},-15.0 °F
2019-十月-10 20:50:00 PM CT,{ },"{fault,unackedAlarm}",-39.5 °F
2019-十月-10 21:00:00 PM CT,{ },{unackedAlarm},-19.5 °F
2019-十月-10 21:10:00 PM CT,{ },{unackedAlarm},-5.5 °F
2019-十月-10 21:20:00 PM CT,{ },{unackedAlarm},-6.0 °F
2019-十月-10 21:30:00 PM CT,{ },{unackedAlarm},-2.5 °F
2019-十月-10 21:40:00 PM CT,{ },{unackedAlarm},-5.5 °F
2019-十月-10 21:50:00 PM CT,{ },{unackedAlarm},-4.5 °F
2019-十月-10 22:00:00 PM CT,{ },{unackedAlarm},-3.5 °F
2019-十月-10 22:10:00 PM CT,{ },{unackedAlarm},-6.5 °F
2019-十月-10 22:20:00 PM CT,{ },{unackedAlarm},-3.0 °F
2019-十月-10 22:30:00 PM CT,{ },{unackedAlarm},-4.5 °F
2019-十月-10 22:40:00 PM CT,{ },{unackedAlarm},-7.5 °F
2019-十月-10 22:50:00 PM CT,{ },{unackedAlarm},-4.5 °F
2019-十月-10 23:00:00 PM CT,{ },{unackedAlarm},-6.5 °F
2019-十月-10 23:10:00 PM CT,{ },{unackedAlarm},-4.5 °F
2019-十月-10 23:20:00 PM CT,{ },{unackedAlarm},-5.0 °F
2019-十月-10 23:30:00 PM CT,{ },{unackedAlarm},-5.5 °F
2019-十月-10 23:40:00 PM CT,{ },{unackedAlarm},-3.5 °F
2019-十月-10 23:50:00 PM CT,{ },{unackedAlarm},-4.5 °F
2019-十月-11 00:00:00 AM CT,{ },{unackedAlarm},-4.5 °F
2019-十月-11 00:10:00 AM CT,{ },{unackedAlarm},-6.0 °F
2019-十月-11 00:20:00 AM CT,{ },{unackedAlarm},-5.0 °F
2019-十月-11 00:30:00 AM CT,{ },{unackedAlarm},-5.5 °F
2019-十月-11 00:40:00 AM CT,{ },{unackedAlarm},-6.5 °F
2019-十月-11 00:50:00 AM CT,{ },{unackedAlarm},-6.0 °F
2019-十月-11 01:00:00 AM CT,{ },{unackedAlarm},-8.0 °F
2019-十月-11 01:10:00 AM CT,{ },{unackedAlarm},-6.0 °F
2019-十月-11 01:20:00 AM CT,{ },{unackedAlarm},-5.0 °F
2019-十月-11 01:30:00 AM CT,{ },{unackedAlarm},-7.0 °F
2019-十月-11 01:40:00 AM CT,{ },{unackedAlarm},-5.0 °F
2019-十月-11 01:50:00 AM CT,{ },{unackedAlarm},-6.5 °F
2019-十月-11 02:00:00 AM CT,{ },{unackedAlarm},-5.5 °F
2019-十月-11 02:10:00 AM CT,{ },{unackedAlarm},13.5 °F
2019-十月-11 02:20:00 AM CT,{ },{unackedAlarm},37.0 °F
2019-十月-11 02:30:00 AM CT,{ },{unackedAlarm},48.0 °F
2019-十月-11 02:40:00 AM CT,{ },{unackedAlarm},-19.0 °F
2019-十月-11 02:50:00 AM CT,{ },{unackedAlarm},-5.5 °F
2019-十月-11 03:00:00 AM CT,{ },{unackedAlarm},-11.0 °F
2019-十月-11 03:10:00 AM CT,{ },{unackedAlarm},-10.5 °F
2019-十月-11 03:20:00 AM CT,{ },{unackedAlarm},-7.0 °F
2019-十月-11 03:30:00 AM CT,{ },{unackedAlarm},-3.0 °F
2019-十月-11 03:40:00 AM CT,{ },{unackedAlarm},-6.0 °F
2019-十月-11 03:50:00 AM CT,{ },{unackedAlarm},-5.5 °F
2019-十月-11 04:00:00 AM CT,{ },{unackedAlarm},-5.0 °F
2019-十月-11 04:10:00 AM CT,{ },{unackedAlarm},-7.0 °F
2019-十月-11 04:20:00 AM CT,{ },{unackedAlarm},-5.0 °F
2019-十月-11 04:30:00 AM CT,{ },{unackedAlarm},-7.0 °F
2019-十月-11 04:40:00 AM CT,{ },{unackedAlarm},-8.0 °F
2019-十月-11 04:50:01 AM CT,{ },{unackedAlarm},-0.0 °F
2019-十月-11 05:00:01 AM CT,{ },{unackedAlarm},-8.5 °F
2019-十月-11 05:10:00 AM CT,{ },{unackedAlarm},-5.5 °F
2019-十月-11 05:20:00 AM CT,{ },{unackedAlarm},-6.5 °F
2019-十月-11 05:30:01 AM CT,{ },{unackedAlarm},-5.5 °F
2019-十月-11 05:40:00 AM CT,{ },{unackedAlarm},-7.5 °F
2019-十月-11 05:50:00 AM CT,{ },{unackedAlarm},-8.5 °F
2019-十月-11 06:00:00 AM CT,{ },{unackedAlarm},-7.0 °F
2019-十月-11 06:10:00 AM CT,{ },{unackedAlarm},-6.5 °F
2019-十月-11 06:20:00 AM CT,{ },{unackedAlarm},-7.5 °F
2019-十月-11 06:30:00 AM CT,{ },{unackedAlarm},-7.5 °F
2019-十月-11 06:40:00 AM CT,{ },{unackedAlarm},-6.0 °F
2019-十月-11 06:50:00 AM CT,{ },{unackedAlarm},-9.5 °F
2019-十月-11 07:00:00 AM CT,{ },{unackedAlarm},-6.0 °F
2019-十月-11 07:10:00 AM CT,{ },{unackedAlarm},-9.5 °F
2019-十月-11 07:20:00 AM CT,{ },{unackedAlarm},-4.5 °F
2019-十月-11 07:30:00 AM CT,{ },{unackedAlarm},-8.0 °F
2019-十月-11 07:40:00 AM CT,{ },{unackedAlarm},-2.5 °F
2019-十月-11 07:50:00 AM CT,{ },{unackedAlarm},-7.5 °F
2019-十月-11 08:00:00 AM CT,{ },{unackedAlarm},-4.5 °F
2019-十月-11 08:10:00 AM CT,{ },{unackedAlarm},15.0 °F
2019-十月-11 08:20:00 AM CT,{ },{unackedAlarm},38.5 °F
2019-十月-11 08:30:00 AM CT,{ },{unackedAlarm},49.5 °F
2019-十月-11 08:40:00 AM CT,{ },{unackedAlarm},-22.5 °F
2019-十月-11 08:50:00 AM CT,{ },"{fault,unackedAlarm}",-39.5 °F
2019-十月-11 09:00:00 AM CT,{ },{unackedAlarm},-7.5 °F
2019-十月-11 09:10:00 AM CT,{ },{unackedAlarm},-5.0 °F
2019-十月-11 09:20:00 AM CT,{ },{unackedAlarm},-7.0 °F
2019-十月-11 09:30:00 AM CT,{ },{unackedAlarm},-5.0 °F
2019-十月-11 09:40:00 AM CT,{ },{unackedAlarm},-6.0 °F
2019-十月-11 09:50:00 AM CT,{ },{unackedAlarm},-5.5 °F
2019-十月-11 10:00:00 AM CT,{ },{unackedAlarm},-5.5 °F
2019-十月-11 10:10:00 AM CT,{ },{unackedAlarm},-7.5 °F
2019-十月-11 10:20:00 AM CT,{ },{unackedAlarm},-5.5 °F
2019-十月-11 10:30:00 AM CT,{ },{unackedAlarm},-6.0 °F
2019-十月-11 10:40:00 AM CT,{ },{unackedAlarm},-5.0 °F
2019-十月-11 10:50:00 AM CT,{ },{unackedAlarm},-5.0 °F
2019-十月-11 11:00:00 AM CT,{ },{unackedAlarm},-7.5 °F
2019-十月-11 11:10:00 AM CT,{ },{unackedAlarm},-5.0 °F
2019-十月-11 11:20:00 AM CT,{ },{unackedAlarm},-5.0 °F
2019-十月-11 11:30:00 AM CT,{ },{unackedAlarm},-6.0 °F
2019-十月-11 11:40:00 AM CT,{ },{unackedAlarm},-5.0 °F
2019-十月-11 11:50:00 AM CT,{ },{unackedAlarm},-7.5 °F
2019-十月-11 12:00:00 PM CT,{ },{unackedAlarm},-6.5 °F
2019-十月-11 12:10:00 PM CT,{ },{unackedAlarm},-6.5 °F
2019-十月-11 12:20:00 PM CT,{ },{unackedAlarm},-8.0 °F
2019-十月-11 12:30:00 PM CT,{ },{unackedAlarm},-7.0 °F
2019-十月-11 12:40:00 PM CT,{ },{unackedAlarm},-7.0 °F
2019-十月-11 12:50:00 PM CT,{ },{unackedAlarm},-5.5 °F
2019-十月-11 13:00:00 PM CT,{ },{unackedAlarm},-8.5 °F
2019-十月-11 13:10:00 PM CT,{ },{unackedAlarm},-5.0 °F
2019-十月-11 13:20:00 PM CT,{ },{unackedAlarm},-5.5 °F
2019-十月-11 13:30:00 PM CT,{ },{unackedAlarm},-7.0 °F
2019-十月-11 13:40:00 PM CT,{ },{unackedAlarm},-6.5 °F
2019-十月-11 13:50:00 PM CT,{ },{unackedAlarm},-6.0 °F
2019-十月-11 14:00:00 PM CT,{ },{unackedAlarm},-5.5 °F
2019-十月-11 14:10:00 PM CT,{ },{unackedAlarm},16.5 °F
2019-十月-11 14:20:00 PM CT,{ },{unackedAlarm},38.5 °F
2019-十月-11 14:30:00 PM CT,{ },{unackedAlarm},49.0 °F
2019-十月-11 14:40:00 PM CT,{ },{unackedAlarm},1.5 °F
2019-十月-11 14:50:00 PM CT,{ },"{fault,unackedAlarm}",-39.5 °F
2019-十月-11 15:00:00 PM CT,{ },"{fault,unackedAlarm}",-39.5 °F
2019-十月-11 15:10:00 PM CT,{ },{unackedAlarm},-8.0 °F
2019-十月-11 15:20:00 PM CT,{ },{unackedAlarm},-5.5 °F
2019-十月-11 15:30:00 PM CT,{ },{unackedAlarm},-5.0 °F
2019-十月-11 15:40:00 PM CT,{ },{unackedAlarm},-5.0 °F
2019-十月-11 15:50:00 PM CT,{ },{unackedAlarm},-6.5 °F
2019-十月-11 16:00:00 PM CT,{ },{unackedAlarm},-6.5 °F
2019-十月-11 16:10:00 PM CT,{ },{unackedAlarm},-6.0 °F
2019-十月-11 16:20:00 PM CT,{ },{unackedAlarm},-6.0 °F
2019-十月-11 16:30:00 PM CT,{ },{unackedAlarm},-7.5 °F
2019-十月-11 16:40:00 PM CT,{ },{unackedAlarm},-1.5 °F
2019-十月-11 16:50:00 PM CT,{ },{unackedAlarm},-5.0 °F
2019-十月-11 17:00:00 PM CT,{ },{unackedAlarm},-6.0 °F
2019-十月-11 17:10:00 PM CT,{ },{unackedAlarm},-6.5 °F
2019-十月-11 17:20:00 PM CT,{ },{unackedAlarm},-4.5 °F
2019-十月-11 17:30:00 PM CT,{ },{unackedAlarm},-6.5 °F
2019-十月-11 17:40:00 PM CT,{ },{unackedAlarm},-6.5 °F
2019-十月-11 17:50:00 PM CT,{ },{unackedAlarm},-7.5 °F
2019-十月-11 18:00:00 PM CT,{ },{unackedAlarm},-6.5 °F
2019-十月-11 18:10:00 PM CT,{ },{unackedAlarm},-8.0 °F
2019-十月-11 18:20:00 PM CT,{ },{unackedAlarm},-5.0 °F
2019-十月-11 18:30:00 PM CT,{ },{unackedAlarm},-7.5 °F
2019-十月-11 18:40:00 PM CT,{ },{unackedAlarm},-5.5 °F
2019-十月-11 18:50:00 PM CT,{ },{unackedAlarm},-6.0 °F
2019-十月-11 19:00:00 PM CT,{ },{unackedAlarm},-6.5 °F
2019-十月-11 19:10:00 PM CT,{ },{unackedAlarm},-6.5 °F
2019-十月-11 19:20:00 PM CT,{ },{unackedAlarm},-6.0 °F
2019-十月-11 19:30:00 PM CT,{ },{unackedAlarm},-8.5 °F
2019-十月-11 19:40:00 PM CT,{ },{unackedAlarm},-5.0 °F
2019-十月-11 19:50:00 PM CT,{ },{unackedAlarm},-8.0 °F
2019-十月-11 20:00:00 PM CT,{ },{unackedAlarm},-5.0 °F
2019-十月-11 20:10:00 PM CT,{ },{unackedAlarm},13.5 °F
2019-十月-11 20:20:00 PM CT,{ },{unackedAlarm},37.5 °F
2019-十月-11 20:30:00 PM CT,{ },{unackedAlarm},47.0 °F
2019-十月-11 20:40:00 PM CT,{ },"{fault,unackedAlarm}",-39.5 °F
2019-十月-11 20:50:00 PM CT,{ },{unackedAlarm},-7.0 °F
2019-十月-11 21:00:00 PM CT,{ },{unackedAlarm},-9.0 °F
2019-十月-11 21:10:00 PM CT,{ },{unackedAlarm},-3.0 °F
2019-十月-11 21:20:00 PM CT,{ },{unackedAlarm},-25.5 °F
2019-十月-11 21:30:00 PM CT,{ },{unackedAlarm},-5.0 °F
2019-十月-11 21:40:00 PM CT,{ },{unackedAlarm},-4.5 °F
2019-十月-11 21:50:00 PM CT,{ },{unackedAlarm},-6.0 °F
2019-十月-11 22:00:00 PM CT,{ },{unackedAlarm},-5.0 °F
2019-十月-11 22:10:00 PM CT,{ },{unackedAlarm},-7.5 °F
2019-十月-11 22:20:00 PM CT,{ },{unackedAlarm},-3.0 °F
2019-十月-11 22:30:00 PM CT,{ },{unackedAlarm},-8.0 °F
2019-十月-11 22:40:00 PM CT,{ },{unackedAlarm},-4.5 °F
2019-十月-11 22:50:00 PM CT,{ },{unackedAlarm},-5.5 °F
2019-十月-11 23:00:00 PM CT,{ },{unackedAlarm},-8.5 °F
2019-十月-11 23:10:00 PM CT,{ },{unackedAlarm},-7.0 °F
2019-十月-11 23:20:00 PM CT,{ },{unackedAlarm},-7.5 °F
2019-十月-11 23:30:00 PM CT,{ },{unackedAlarm},-6.0 °F
2019-十月-11 23:40:00 PM CT,{ },{unackedAlarm},-8.5 °F
2019-十月-11 23:50:00 PM CT,{ },{unackedAlarm},-6.5 °F
2019-十月-12 00:00:00 AM CT,{ },{unackedAlarm},-6.5 °F
2019-十月-12 00:10:00 AM CT,{ },{unackedAlarm},-8.0 °F
2019-十月-12 00:20:00 AM CT,{ },{unackedAlarm},-7.0 °F
2019-十月-12 00:30:00 AM CT,{ },{unackedAlarm},-8.0 °F
2019-十月-12 00:40:00 AM CT,{ },{unackedAlarm},-8.5 °F
2019-十月-12 00:50:00 AM CT,{ },{unackedAlarm},-6.5 °F
2019-十月-12 01:00:00 AM CT,{ },{unackedAlarm},-8.5 °F
2019-十月-12 01:10:00 AM CT,{ },{unackedAlarm},-8.5 °F
2019-十月-12 01:20:00 AM CT,{ },{unackedAlarm},-5.0 °F
2019-十月-12 01:30:00 AM CT,{ },{unackedAlarm},-8.5 °F
2019-十月-12 01:40:00 AM CT,{ },{unackedAlarm},-7.5 °F
2019-十月-12 01:50:00 AM CT,{ },{unackedAlarm},-7.5 °F
2019-十月-12 02:00:00 AM CT,{ },{unackedAlarm},-8.0 °F
2019-十月-12 02:10:00 AM CT,{ },{unackedAlarm},16.0 °F
2019-十月-12 02:20:00 AM CT,{ },{unackedAlarm},39.0 °F
2019-十月-12 02:30:00 AM CT,{ },{unackedAlarm},50.0 °F
2019-十月-12 02:40:00 AM CT,{ },{unackedAlarm},16.5 °F
2019-十月-12 02:50:00 AM CT,{ },"{fault,unackedAlarm}",-39.5 °F
2019-十月-12 03:00:00 AM CT,{ },{unackedAlarm},-27.5 °F
2019-十月-12 03:10:00 AM CT,{ },{unackedAlarm},-10.0 °F
2019-十月-12 03:20:00 AM CT,{ },{unackedAlarm},-5.5 °F
2019-十月-12 03:30:00 AM CT,{ },{unackedAlarm},-5.5 °F
2019-十月-12 03:40:00 AM CT,{ },{unackedAlarm},-3.0 °F
2019-十月-12 03:50:00 AM CT,{ },{unackedAlarm},-7.0 °F
2019-十月-12 04:00:00 AM CT,{ },{unackedAlarm},-4.5 °F
2019-十月-12 04:10:00 AM CT,{ },{unackedAlarm},-8.5 °F
2019-十月-12 04:20:00 AM CT,{ },{unackedAlarm},-7.0 °F
2019-十月-12 04:30:00 AM CT,{ },{unackedAlarm},-8.5 °F
2019-十月-12 04:40:00 AM CT,{ },{unackedAlarm},-5.0 °F
2019-十月-12 04:50:00 AM CT,{ },{unackedAlarm},-7.5 °F
2019-十月-12 05:00:00 AM CT,{ },{unackedAlarm},-3.5 °F
2019-十月-12 05:10:00 AM CT,{ },{unackedAlarm},-7.5 °F
2019-十月-12 05:20:00 AM CT,{ },{unackedAlarm},-6.5 °F
2019-十月-12 05:30:00 AM CT,{ },{unackedAlarm},-6.0 °F
2019-十月-12 05:40:00 AM CT,{ },{unackedAlarm},-6.5 °F
2019-十月-12 05:50:00 AM CT,{ },{unackedAlarm},-7.5 °F
2019-十月-12 06:00:00 AM CT,{ },{unackedAlarm},-8.0 °F
2019-十月-12 06:10:00 AM CT,{ },{unackedAlarm},-6.5 °F
2019-十月-12 06:20:00 AM CT,{ },{unackedAlarm},-7.0 °F
2019-十月-12 06:30:00 AM CT,{ },{unackedAlarm},-7.0 °F
2019-十月-12 06:40:00 AM CT,{ },{unackedAlarm},-9.5 °F
2019-十月-12 06:50:00 AM CT,{ },{unackedAlarm},-5.5 °F
2019-十月-12 07:00:00 AM CT,{ },{unackedAlarm},-9.5 °F
2019-十月-12 07:10:00 AM CT,{ },{unackedAlarm},-7.0 °F
2019-十月-12 07:20:00 AM CT,{ },{unackedAlarm},-9.5 °F
2019-十月-12 07:30:00 AM CT,{ },{unackedAlarm},-7.5 °F
2019-十月-12 07:40:01 AM CT,{ },{unackedAlarm},-7.5 °F
2019-十月-12 07:50:00 AM CT,{ },{unackedAlarm},-6.0 °F
2019-十月-12 08:00:00 AM CT,{ },{unackedAlarm},-7.5 °F
2019-十月-12 08:10:00 AM CT,{ },{unackedAlarm},11.5 °F
2019-十月-12 08:20:00 AM CT,{ },{unackedAlarm},36.5 °F
2019-十月-12 08:30:00 AM CT,{ },{unackedAlarm},48.5 °F
2019-十月-12 08:40:00 AM CT,{ },"{fault,unackedAlarm}",-39.5 °F
2019-十月-12 08:50:00 AM CT,{ },{unackedAlarm},-7.5 °F
2019-十月-12 09:00:00 AM CT,{ },{unackedAlarm},-3.0 °F
2019-十月-12 09:10:00 AM CT,{ },{unackedAlarm},-4.5 °F
2019-十月-12 09:20:00 AM CT,{ },{unackedAlarm},-5.5 °F
2019-十月-12 09:30:00 AM CT,{ },{unackedAlarm},-2.5 °F
2019-十月-12 09:40:00 AM CT,{ },{unackedAlarm},-6.5 °F
2019-十月-12 09:50:00 AM CT,{ },{unackedAlarm},-6.5 °F
2019-十月-12 10:00:00 AM CT,{ },{unackedAlarm},-7.5 °F
2019-十月-12 10:10:00 AM CT,{ },{unackedAlarm},-7.5 °F
2019-十月-12 10:20:00 AM CT,{ },{unackedAlarm},-5.5 °F
2019-十月-12 10:30:00 AM CT,{ },{unackedAlarm},-9.0 °F
2019-十月-12 10:40:00 AM CT,{ },{unackedAlarm},-4.0 °F
2019-十月-12 10:50:00 AM CT,{ },{unackedAlarm},-6.0 °F
2019-十月-12 11:00:00 AM CT,{ },{unackedAlarm},-8.5 °F
2019-十月-12 11:10:00 AM CT,{ },{unackedAlarm},-7.5 °F
2019-十月-12 11:20:00 AM CT,{ },{unackedAlarm},-6.0 °F
2019-十月-12 11:30:00 AM CT,{ },{unackedAlarm},-9.0 °F
2019-十月-12 11:40:00 AM CT,{ },{unackedAlarm},-8.5 °F
2019-十月-12 11:50:00 AM CT,{ },{unackedAlarm},-5.5 °F
2019-十月-12 12:00:00 PM CT,{ },{unackedAlarm},-9.5 °F
2019-十月-12 12:10:00 PM CT,{ },{unackedAlarm},-5.5 °F
2019-十月-12 12:20:00 PM CT,{ },{unackedAlarm},-7.5 °F
2019-十月-12 12:30:00 PM CT,{ },{unackedAlarm},-3.5 °F
2019-十月-12 12:40:00 PM CT,{ },{unackedAlarm},-5.5 °F
2019-十月-12 12:50:00 PM CT,{ },{unackedAlarm},-9.0 °F
2019-十月-12 13:00:00 PM CT,{ },{unackedAlarm},-4.5 °F
2019-十月-12 13:10:00 PM CT,{ },{unackedAlarm},-7.0 °F
2019-十月-12 13:20:00 PM CT,{ },{unackedAlarm},-7.5 °F
2019-十月-12 13:30:00 PM CT,{ },{unackedAlarm},-7.5 °F
2019-十月-12 13:40:00 PM CT,{ },{unackedAlarm},-4.5 °F
2019-十月-12 13:50:00 PM CT,{ },{unackedAlarm},-7.0 °F
2019-十月-12 14:00:00 PM CT,{ },{unackedAlarm},-9.0 °F
2019-十月-12 14:10:00 PM CT,{ },{unackedAlarm},16.0 °F
2019-十月-12 14:20:00 PM CT,{ },{unackedAlarm},38.0 °F
2019-十月-12 14:30:00 PM CT,{ },{unackedAlarm},48.5 °F
2019-十月-12 14:40:00 PM CT,{ },{unackedAlarm},6.5 °F
2019-十月-12 14:50:00 PM CT,{ },"{fault,unackedAlarm}",-39.5 °F
2019-十月-12 15:00:00 PM CT,{ },"{fault,unackedAlarm}",-39.5 °F
2019-十月-12 15:10:00 PM CT,{ },{unackedAlarm},-5.5 °F
2019-十月-12 15:20:00 PM CT,{ },{unackedAlarm},-2.0 °F
2019-十月-12 15:30:00 PM CT,{ },{unackedAlarm},-3.5 °F
2019-十月-12 15:40:00 PM CT,{ },{unackedAlarm},-5.5 °F
2019-十月-12 15:50:00 PM CT,{ },{unackedAlarm},-4.5 °F
2019-十月-12 16:00:00 PM CT,{ },{unackedAlarm},-4.5 °F
2019-十月-12 16:10:00 PM CT,{ },{unackedAlarm},-6.0 °F
2019-十月-12 16:20:00 PM CT,{ },{unackedAlarm},-6.0 °F
2019-十月-12 16:30:00 PM CT,{ },{unackedAlarm},-6.5 °F
2019-十月-12 16:40:00 PM CT,{ },{unackedAlarm},-7.5 °F
2019-十月-12 16:50:00 PM CT,{ },{unackedAlarm},-2.5 °F
2019-十月-12 17:00:00 PM CT,{ },{unackedAlarm},-7.0 °F
2019-十月-12 17:10:00 PM CT,{ },{unackedAlarm},-3.5 °F
2019-十月-12 17:20:00 PM CT,{ },{unackedAlarm},-4.0 °F
2019-十月-12 17:30:00 PM CT,{ },{unackedAlarm},-7.5 °F
2019-十月-12 17:40:00 PM CT,{ },{unackedAlarm},-5.5 °F
2019-十月-12 17:50:00 PM CT,{ },{unackedAlarm},-6.0 °F
2019-十月-12 18:00:00 PM CT,{ },{unackedAlarm},-6.5 °F
2019-十月-12 18:10:00 PM CT,{ },{unackedAlarm},-6.5 °F
2019-十月-12 18:20:00 PM CT,{ },{unackedAlarm},-7.0 °F
2019-十月-12 18:30:00 PM CT,{ },{unackedAlarm},-7.0 °F
2019-十月-12 18:40:00 PM CT,{ },{unackedAlarm},-7.0 °F
2019-十月-12 18:50:01 PM CT,{ },{unackedAlarm},-5.0 °F
2019-十月-12 19:00:00 PM CT,{ },{unackedAlarm},-6.0 °F
2019-十月-12 19:10:00 PM CT,{ },{unackedAlarm},-7.5 °F
2019-十月-12 19:20:00 PM CT,{ },{unackedAlarm},-7.0 °F
2019-十月-12 19:30:00 PM CT,{ },{unackedAlarm},-5.5 °F
2019-十月-12 19:40:00 PM CT,{ },{unackedAlarm},-7.0 °F
2019-十月-12 19:50:00 PM CT,{ },{unackedAlarm},-7.0 °F
2019-十月-12 20:00:00 PM CT,{ },{unackedAlarm},-7.0 °F
2019-十月-12 20:10:00 PM CT,{ },{unackedAlarm},14.0 °F
2019-十月-12 20:20:00 PM CT,{ },{unackedAlarm},37.5 °F
2019-十月-12 20:30:00 PM CT,{ },{unackedAlarm},49.0 °F
2019-十月-12 20:40:00 PM CT,{ },{unackedAlarm},11.0 °F
2019-十月-12 20:50:00 PM CT,{ },"{fault,unackedAlarm}",-39.5 °F
2019-十月-12 21:00:00 PM CT,{ },{unackedAlarm},-9.5 °F
2019-十月-12 21:10:00 PM CT,{ },{unackedAlarm},-6.5 °F
2019-十月-12 21:20:00 PM CT,{ },{unackedAlarm},-5.0 °F
2019-十月-12 21:30:00 PM CT,{ },{unackedAlarm},-6.0 °F
2019-十月-12 21:40:00 PM CT,{ },{unackedAlarm},-6.5 °F
2019-十月-12 21:50:01 PM CT,{ },{unackedAlarm},-6.5 °F
2019-十月-12 22:00:00 PM CT,{ },{unackedAlarm},-3.0 °F
2019-十月-12 22:10:00 PM CT,{ },{unackedAlarm},-6.5 °F
2019-十月-12 22:20:00 PM CT,{ },{unackedAlarm},-7.5 °F
2019-十月-12 22:30:00 PM CT,{ },{unackedAlarm},-6.0 °F
2019-十月-12 22:40:00 PM CT,{ },{unackedAlarm},-6.0 °F
2019-十月-12 22:50:00 PM CT,{ },{unackedAlarm},-7.5 °F
2019-十月-12 23:00:00 PM CT,{ },{unackedAlarm},-7.5 °F
2019-十月-12 23:10:00 PM CT,{ },{unackedAlarm},-5.0 °F
2019-十月-12 23:20:00 PM CT,{ },{unackedAlarm},-7.0 °F
2019-十月-12 23:30:00 PM CT,{ },{unackedAlarm},-6.5 °F
2019-十月-12 23:40:00 PM CT,{ },{unackedAlarm},-7.0 °F
2019-十月-12 23:50:00 PM CT,{ },{unackedAlarm},-7.5 °F
2019-十月-13 00:00:00 AM CT,{ },{unackedAlarm},-5.0 °F
2019-十月-13 00:10:00 AM CT,{ },{unackedAlarm},-7.5 °F
2019-十月-13 00:20:00 AM CT,{ },{unackedAlarm},-5.5 °F
2019-十月-13 00:30:00 AM CT,{ },{unackedAlarm},-8.0 °F
2019-十月-13 00:40:00 AM CT,{ },{unackedAlarm},-6.0 °F
2019-十月-13 00:50:01 AM CT,{ },{unackedAlarm},-7.5 °F
2019-十月-13 01:00:00 AM CT,{ },{unackedAlarm},-7.5 °F
2019-十月-13 01:10:00 AM CT,{ },{unackedAlarm},-7.5 °F
2019-十月-13 01:20:00 AM CT,{ },{unackedAlarm},-6.5 °F
2019-十月-13 01:30:00 AM CT,{ },{unackedAlarm},-7.0 °F
2019-十月-13 01:40:00 AM CT,{ },{unackedAlarm},-7.0 °F
2019-十月-13 01:50:00 AM CT,{ },{unackedAlarm},-6.5 °F
2019-十月-13 02:00:00 AM CT,{ },{unackedAlarm},-7.5 °F
2019-十月-13 02:10:00 AM CT,{ },{unackedAlarm},12.5 °F
2019-十月-13 02:20:00 AM CT,{ },{unackedAlarm},38.0 °F
2019-十月-13 02:30:00 AM CT,{ },{unackedAlarm},50.0 °F
2019-十月-13 02:40:00 AM CT,{ },"{fault,unackedAlarm}",-39.5 °F
2019-十月-13 02:50:00 AM CT,{ },"{fault,unackedAlarm}",-39.5 °F
2019-十月-13 03:00:00 AM CT,{ },{unackedAlarm},-6.5 °F
2019-十月-13 03:10:00 AM CT,{ },{unackedAlarm},-7.0 °F
2019-十月-13 03:20:00 AM CT,{ },{unackedAlarm},-4.5 °F
2019-十月-13 03:30:00 AM CT,{ },{unackedAlarm},-5.5 °F
2019-十月-13 03:40:00 AM CT,{ },{unackedAlarm},-7.5 °F
2019-十月-13 03:50:01 AM CT,{ },{unackedAlarm},-5.0 °F
2019-十月-13 04:00:00 AM CT,{ },{unackedAlarm},-8.5 °F
2019-十月-13 04:10:00 AM CT,{ },{unackedAlarm},-4.5 °F
2019-十月-13 04:20:00 AM CT,{ },{unackedAlarm},-5.5 °F
2019-十月-13 04:30:00 AM CT,{ },{unackedAlarm},-4.5 °F
2019-十月-13 04:40:00 AM CT,{ },{unackedAlarm},-8.0 °F
2019-十月-13 04:50:00 AM CT,{ },{unackedAlarm},-5.5 °F
2019-十月-13 05:00:00 AM CT,{ },{unackedAlarm},-6.0 °F
2019-十月-13 05:10:00 AM CT,{ },{unackedAlarm},-7.5 °F
2019-十月-13 05:20:00 AM CT,{ },{unackedAlarm},-5.0 °F
2019-十月-13 05:30:00 AM CT,{ },{unackedAlarm},-6.0 °F
2019-十月-13 05:40:00 AM CT,{ },{unackedAlarm},-6.5 °F
2019-十月-13 05:50:00 AM CT,{ },{unackedAlarm},-6.5 °F
2019-十月-13 06:00:00 AM CT,{ },{unackedAlarm},-9.0 °F
2019-十月-13 06:10:00 AM CT,{ },{unackedAlarm},-8.0 °F
2019-十月-13 06:20:00 AM CT,{ },{unackedAlarm},-5.5 °F
2019-十月-13 06:30:00 AM CT,{ },{unackedAlarm},-8.5 °F
2019-十月-13 06:40:00 AM CT,{ },{unackedAlarm},-7.0 °F
2019-十月-13 06:50:00 AM CT,{ },{unackedAlarm},-7.0 °F
2019-十月-13 07:00:00 AM CT,{ },{unackedAlarm},-5.5 °F
2019-十月-13 07:10:00 AM CT,{ },{unackedAlarm},-6.5 °F
2019-十月-13 07:20:00 AM CT,{ },{unackedAlarm},-8.0 °F
2019-十月-13 07:30:00 AM CT,{ },{unackedAlarm},-6.0 °F
2019-十月-13 07:40:00 AM CT,{ },{unackedAlarm},-5.0 °F
2019-十月-13 07:50:00 AM CT,{ },{unackedAlarm},-7.5 °F
2019-十月-13 08:00:00 AM CT,{ },{unackedAlarm},-7.0 °F
2019-十月-13 08:10:00 AM CT,{ },{unackedAlarm},11.5 °F
2019-十月-13 08:20:00 AM CT,{ },{unackedAlarm},36.0 °F
2019-十月-13 08:30:00 AM CT,{ },{unackedAlarm},48.5 °F
2019-十月-13 08:40:00 AM CT,{ },{unackedAlarm},14.5 °F
2019-十月-13 08:50:00 AM CT,{ },{unackedAlarm},-28.0 °F
2019-十月-13 09:00:00 AM CT,{ },{unackedAlarm},-14.5 °F
2019-十月-13 09:10:00 AM CT,{ },{unackedAlarm},-9.5 °F
2019-十月-13 09:20:00 AM CT,{ },{unackedAlarm},-4.5 °F
2019-十月-13 09:30:00 AM CT,{ },{unackedAlarm},-5.5 °F
2019-十月-13 09:40:00 AM CT,{ },{unackedAlarm},-6.5 °F
2019-十月-13 09:50:00 AM CT,{ },{unackedAlarm},-6.5 °F
2019-十月-13 10:00:00 AM CT,{ },{unackedAlarm},-7.0 °F
2019-十月-13 10:10:00 AM CT,{ },{unackedAlarm},-7.0 °F
2019-十月-13 10:20:00 AM CT,{ },{unackedAlarm},-5.5 °F
2019-十月-13 10:30:00 AM CT,{ },{unackedAlarm},-5.5 °F
2019-十月-13 10:40:00 AM CT,{ },{unackedAlarm},-8.5 °F
2019-十月-13 10:50:00 AM CT,{ },{unackedAlarm},-4.5 °F
2019-十月-13 11:00:00 AM CT,{ },{unackedAlarm},-8.5 °F
2019-十月-13 11:10:00 AM CT,{ },{unackedAlarm},-7.5 °F
2019-十月-13 11:20:00 AM CT,{ },{unackedAlarm},-6.5 °F
2019-十月-13 11:30:00 AM CT,{ },{unackedAlarm},-9.0 °F
2019-十月-13 11:40:00 AM CT,{ },{unackedAlarm},-7.0 °F
2019-十月-13 11:50:00 AM CT,{ },{unackedAlarm},-7.5 °F
2019-十月-13 12:00:00 PM CT,{ },{unackedAlarm},-8.0 °F
2019-十月-13 12:10:00 PM CT,{ },{unackedAlarm},-7.0 °F
2019-十月-13 12:20:00 PM CT,{ },{unackedAlarm},-8.0 °F
2019-十月-13 12:30:00 PM CT,{ },{unackedAlarm},-7.0 °F
2019-十月-13 12:40:00 PM CT,{ },{unackedAlarm},-9.5 °F
2019-十月-13 12:50:00 PM CT,{ },{unackedAlarm},-8.0 °F
2019-十月-13 13:00:00 PM CT,{ },{unackedAlarm},-4.5 °F
2019-十月-13 13:10:00 PM CT,{ },{unackedAlarm},-7.5 °F
2019-十月-13 13:20:00 PM CT,{ },{unackedAlarm},-7.0 °F
2019-十月-13 13:30:00 PM CT,{ },{unackedAlarm},-9.5 °F
2019-十月-13 13:40:00 PM CT,{ },{unackedAlarm},-5.5 °F
2019-十月-13 13:50:00 PM CT,{ },{unackedAlarm},-7.5 °F
2019-十月-13 14:00:00 PM CT,{ },{unackedAlarm},-7.5 °F
2019-十月-13 14:10:00 PM CT,{ },{unackedAlarm},10.0 °F
2019-十月-13 14:20:00 PM CT,{ },{unackedAlarm},35.5 °F
2019-十月-13 14:30:00 PM CT,{ },{unackedAlarm},48.5 °F
2019-十月-13 14:40:00 PM CT,{ },{unackedAlarm},16.0 °F
2019-十月-13 14:50:00 PM CT,{ },"{fault,unackedAlarm}",-39.5 °F
2019-十月-13 15:00:00 PM CT,{ },{unackedAlarm},-8.0 °F
2019-十月-13 15:10:00 PM CT,{ },{unackedAlarm},-2.5 °F
2019-十月-13 15:20:00 PM CT,{ },{unackedAlarm},-5.5 °F
2019-十月-13 15:30:00 PM CT,{ },{unackedAlarm},-3.5 °F
2019-十月-13 15:40:00 PM CT,{ },{unackedAlarm},-6.5 °F
2019-十月-13 15:50:00 PM CT,{ },{unackedAlarm},-4.5 °F
2019-十月-13 16:00:00 PM CT,{ },{unackedAlarm},-6.5 °F
2019-十月-13 16:10:00 PM CT,{ },{unackedAlarm},-6.5 °F
2019-十月-13 16:20:00 PM CT,{ },{unackedAlarm},-5.5 °F
2019-十月-13 16:30:00 PM CT,{ },{unackedAlarm},-6.0 °F
2019-十月-13 16:40:00 PM CT,{ },{unackedAlarm},-8.0 °F
2019-十月-13 16:50:00 PM CT,{ },{unackedAlarm},-2.0 °F
2019-十月-13 17:00:00 PM CT,{ },{unackedAlarm},-6.0 °F
2019-十月-13 17:10:00 PM CT,{ },{unackedAlarm},-8.0 °F
2019-十月-13 17:20:00 PM CT,{ },{unackedAlarm},-3.0 °F
2019-十月-13 17:30:00 PM CT,{ },{unackedAlarm},-7.0 °F
2019-十月-13 17:40:00 PM CT,{ },{unackedAlarm},-5.5 °F
2019-十月-13 17:50:00 PM CT,{ },{unackedAlarm},-7.5 °F
2019-十月-13 18:00:00 PM CT,{ },{unackedAlarm},-8.5 °F
2019-十月-13 18:10:00 PM CT,{ },{unackedAlarm},-7.5 °F
2019-十月-13 18:20:00 PM CT,{ },{unackedAlarm},-7.0 °F
2019-十月-13 18:30:00 PM CT,{ },{unackedAlarm},-7.5 °F
2019-十月-13 18:40:00 PM CT,{ },{unackedAlarm},-8.5 °F
2019-十月-13 18:50:00 PM CT,{ },{unackedAlarm},-8.5 °F
2019-十月-13 19:00:00 PM CT,{ },{unackedAlarm},-6.0 °F
2019-十月-13 19:10:00 PM CT,{ },{unackedAlarm},-6.5 °F
2019-十月-13 19:20:00 PM CT,{ },{unackedAlarm},-8.0 °F
2019-十月-13 19:30:00 PM CT,{ },{unackedAlarm},-7.0 °F
2019-十月-13 19:40:00 PM CT,{ },{unackedAlarm},-10.5 °F
2019-十月-13 19:50:00 PM CT,{ },{unackedAlarm},-5.5 °F
2019-十月-13 20:00:00 PM CT,{ },{unackedAlarm},-10.0 °F
2019-十月-13 20:10:00 PM CT,{ },{unackedAlarm},15.0 °F
2019-十月-13 20:20:00 PM CT,{ },{unackedAlarm},38.5 °F
2019-十月-13 20:30:00 PM CT,{ },{unackedAlarm},50.0 °F
2019-十月-13 20:40:00 PM CT,{ },{unackedAlarm},16.5 °F
2019-十月-13 20:50:00 PM CT,{ },{unackedAlarm},-31.5 °F
2019-十月-13 21:00:00 PM CT,{ },{unackedAlarm},-16.0 °F
2019-十月-13 21:10:00 PM CT,{ },{unackedAlarm},-5.5 °F
2019-十月-13 21:20:00 PM CT,{ },{unackedAlarm},-5.5 °F
2019-十月-13 21:30:00 PM CT,{ },{unackedAlarm},-7.5 °F
2019-十月-13 21:40:00 PM CT,{ },{unackedAlarm},-6.0 °F
2019-十月-13 21:50:00 PM CT,{ },{unackedAlarm},-5.0 °F
2019-十月-13 22:00:00 PM CT,{ },{unackedAlarm},-6.5 °F
2019-十月-13 22:10:00 PM CT,{ },{unackedAlarm},-3.0 °F
2019-十月-13 22:20:00 PM CT,{ },{unackedAlarm},-7.0 °F
2019-十月-13 22:30:00 PM CT,{ },{unackedAlarm},-6.5 °F
2019-十月-13 22:40:00 PM CT,{ },{unackedAlarm},-6.5 °F
2019-十月-13 22:50:00 PM CT,{ },{unackedAlarm},-7.5 °F
2019-十月-13 23:00:00 PM CT,{ },{unackedAlarm},-5.0 °F
2019-十月-13 23:10:00 PM CT,{ },{unackedAlarm},-6.5 °F
2019-十月-13 23:20:00 PM CT,{ },{unackedAlarm},-7.0 °F
2019-十月-13 23:30:00 PM CT,{ },{unackedAlarm},-9.0 °F
2019-十月-13 23:40:00 PM CT,{ },{unackedAlarm},-7.5 °F
2019-十月-13 23:50:00 PM CT,{ },{unackedAlarm},-5.0 °F
2019-十月-14 00:00:00 AM CT,{ },{unackedAlarm},-7.0 °F
2019-十月-14 00:10:00 AM CT,{ },{unackedAlarm},-7.0 °F
2019-十月-14 00:20:00 AM CT,{ },{unackedAlarm},-8.5 °F
2019-十月-14 00:30:00 AM CT,{ },{unackedAlarm},-9.0 °F
2019-十月-14 00:40:00 AM CT,{ },{unackedAlarm},-6.5 °F
2019-十月-14 00:50:00 AM CT,{ },{unackedAlarm},-9.5 °F
2019-十月-14 01:00:00 AM CT,{ },{unackedAlarm},-6.0 °F
2019-十月-14 01:10:00 AM CT,{ },{unackedAlarm},-9.5 °F
2019-十月-14 01:20:00 AM CT,{ },{unackedAlarm},-2.5 °F
2019-十月-14 01:30:00 AM CT,{ },{unackedAlarm},-7.0 °F
2019-十月-14 01:40:00 AM CT,{ },{unackedAlarm},-7.0 °F
2019-十月-14 01:50:00 AM CT,{ },{unackedAlarm},-5.0 °F
2019-十月-14 02:00:00 AM CT,{ },{unackedAlarm},-8.5 °F
2019-十月-14 02:10:00 AM CT,{ },{unackedAlarm},13.0 °F
2019-十月-14 02:20:00 AM CT,{ },{unackedAlarm},37.5 °F
2019-十月-14 02:30:00 AM CT,{ },{unackedAlarm},49.5 °F
2019-十月-14 02:40:00 AM CT,{ },{unackedAlarm},-1.0 °F
2019-十月-14 02:50:00 AM CT,{ },"{fault,unackedAlarm}",-39.5 °F
2019-十月-14 03:00:00 AM CT,{ },{unackedAlarm},-7.5 °F
2019-十月-14 03:10:00 AM CT,{ },{unackedAlarm},-8.5 °F
2019-十月-14 03:20:00 AM CT,{ },{unackedAlarm},-6.0 °F
2019-十月-14 03:30:00 AM CT,{ },{unackedAlarm},-7.0 °F
2019-十月-14 03:40:00 AM CT,{ },{unackedAlarm},-6.5 °F
2019-十月-14 03:50:00 AM CT,{ },{unackedAlarm},-7.5 °F
2019-十月-14 04:00:00 AM CT,{ },{unackedAlarm},-6.5 °F
2019-十月-14 04:10:00 AM CT,{ },{unackedAlarm},-8.0 °F
2019-十月-14 04:20:00 AM CT,{ },{unackedAlarm},-7.5 °F
2019-十月-14 04:30:00 AM CT,{ },{unackedAlarm},-8.5 °F
2019-十月-14 04:40:00 AM CT,{ },{unackedAlarm},-8.0 °F
2019-十月-14 04:50:00 AM CT,{ },{unackedAlarm},-7.5 °F
2019-十月-14 05:00:00 AM CT,{ },{unackedAlarm},-6.5 °F
2019-十月-14 05:10:00 AM CT,{ },{unackedAlarm},-10.5 °F
2019-十月-14 05:20:00 AM CT,{ },{unackedAlarm},-8.0 °F
2019-十月-14 05:30:00 AM CT,{ },{unackedAlarm},-7.5 °F
2019-十月-14 05:40:00 AM CT,{ },{unackedAlarm},-9.5 °F
2019-十月-14 05:50:00 AM CT,{ },{unackedAlarm},-7.5 °F
2019-十月-14 06:00:00 AM CT,{ },{unackedAlarm},-10.5 °F
2019-十月-14 06:10:00 AM CT,{ },{unackedAlarm},-8.0 °F
2019-十月-14 06:20:00 AM CT,{ },{unackedAlarm},-11.0 °F
2019-十月-14 06:30:00 AM CT,{ },{unackedAlarm},-8.5 °F
2019-十月-14 06:40:00 AM CT,{ },{unackedAlarm},-11.0 °F
2019-十月-14 06:50:00 AM CT,{ },{unackedAlarm},-8.0 °F
2019-十月-14 07:00:00 AM CT,{ },{unackedAlarm},-11.5 °F
2019-十月-14 07:10:00 AM CT,{ },{unackedAlarm},-9.5 °F
2019-十月-14 07:20:00 AM CT,{ },{unackedAlarm},-10.0 °F
2019-十月-14 07:30:00 AM CT,{ },{unackedAlarm},-9.5 °F
2019-十月-14 07:40:00 AM CT,{ },{unackedAlarm},-11.0 °F
2019-十月-14 07:50:00 AM CT,{ },{unackedAlarm},-12.0 °F
2019-十月-14 08:00:00 AM CT,{ },{unackedAlarm},-11.0 °F
2019-十月-14 08:10:00 AM CT,{ },{unackedAlarm},8.5 °F
2019-十月-14 08:20:00 AM CT,{ },{unackedAlarm},33.5 °F
2019-十月-14 08:30:00 AM CT,{ },{unackedAlarm},45.5 °F
2019-十月-14 08:40:00 AM CT,{ },{unackedAlarm},14.0 °F
2019-十月-14 08:50:00 AM CT,{ },{unackedAlarm},-31.5 °F
2019-十月-14 09:00:00 AM CT,{ },{unackedAlarm},-20.0 °F
2019-十月-14 09:10:00 AM CT,{ },{unackedAlarm},-7.0 °F
2019-十月-14 09:20:00 AM CT,{ },{unackedAlarm},-6.5 °F
2019-十月-14 09:30:00 AM CT,{ },{unackedAlarm},-6.5 °F
2019-十月-14 09:40:00 AM CT,{ },{unackedAlarm},-10.0 °F
2019-十月-14 09:50:00 AM CT,{ },{unackedAlarm},-9.0 °F
2019-十月-14 10:00:00 AM CT,{ },{unackedAlarm},-11.0 °F
2019-十月-14 10:10:00 AM CT,{ },{unackedAlarm},-8.5 °F
2019-十月-14 10:20:00 AM CT,{ },{unackedAlarm},-7.5 °F
2019-十月-14 10:30:00 AM CT,{ },{unackedAlarm},-10.5 °F
2019-十月-14 10:40:00 AM CT,{ },{unackedAlarm},-9.5 °F
2019-十月-14 10:50:00 AM CT,{ },{unackedAlarm},-8.5 °F
2019-十月-14 11:00:00 AM CT,{ },{unackedAlarm},-7.5 °F
2019-十月-14 11:10:00 AM CT,{ },{unackedAlarm},-9.5 °F
2019-十月-14 11:20:00 AM CT,{ },{unackedAlarm},-8.5 °F
2019-十月-14 11:30:00 AM CT,{ },{unackedAlarm},-12.5 °F
2019-十月-14 11:40:00 AM CT,{ },{unackedAlarm},-8.5 °F
2019-十月-14 11:50:00 AM CT,{ },{unackedAlarm},-8.5 °F
2019-十月-14 12:00:00 PM CT,{ },{unackedAlarm},-10.0 °F
2019-十月-14 12:10:00 PM CT,{ },{unackedAlarm},-8.0 °F
2019-十月-14 12:20:00 PM CT,{ },{unackedAlarm},-8.5 °F
2019-十月-14 12:30:00 PM CT,{ },{unackedAlarm},-9.5 °F
2019-十月-14 12:40:00 PM CT,{ },{unackedAlarm},-10.0 °F
2019-十月-14 12:50:00 PM CT,{ },{unackedAlarm},-8.5 °F
2019-十月-14 13:00:00 PM CT,{ },{unackedAlarm},-11.0 °F
2019-十月-14 13:10:00 PM CT,{ },{unackedAlarm},-10.5 °F
2019-十月-14 13:20:00 PM CT,{ },{unackedAlarm},-8.5 °F
2019-十月-14 13:30:00 PM CT,{ },{unackedAlarm},-8.5 °F
2019-十月-14 13:40:00 PM CT,{ },{unackedAlarm},-10.0 °F
2019-十月-14 13:50:00 PM CT,{ },{unackedAlarm},-9.0 °F
2019-十月-14 14:00:00 PM CT,{ },{unackedAlarm},-8.5 °F
2019-十月-14 14:10:00 PM CT,{ },{unackedAlarm},14.0 °F
2019-十月-14 14:20:00 PM CT,{ },{unackedAlarm},36.0 °F
2019-十月-14 14:30:00 PM CT,{ },{unackedAlarm},48.0 °F
2019-十月-14 14:40:00 PM CT,{ },{unackedAlarm},10.0 °F
2019-十月-14 14:50:00 PM CT,{ },"{fault,unackedAlarm}",-39.5 °F
2019-十月-14 15:00:00 PM CT,{ },"{fault,unackedAlarm}",-39.5 °F
2019-十月-14 15:10:00 PM CT,{ },{unackedAlarm},-6.0 °F
2019-十月-14 15:20:00 PM CT,{ },{unackedAlarm},-6.0 °F
2019-十月-14 15:30:00 PM CT,{ },{unackedAlarm},-8.5 °F
2019-十月-14 15:40:00 PM CT,{ },{unackedAlarm},-7.5 °F
2019-十月-14 15:50:00 PM CT,{ },{unackedAlarm},-7.0 °F
2019-十月-14 16:00:00 PM CT,{ },{unackedAlarm},-9.5 °F
2019-十月-14 16:10:00 PM CT,{ },{unackedAlarm},-8.5 °F
2019-十月-14 16:20:00 PM CT,{ },{unackedAlarm},-8.5 °F
2019-十月-14 16:30:00 PM CT,{ },{unackedAlarm},-6.5 °F
2019-十月-14 16:40:00 PM CT,{ },{unackedAlarm},-10.5 °F
2019-十月-14 16:50:00 PM CT,{ },{unackedAlarm},-6.5 °F
2019-十月-14 17:00:00 PM CT,{ },{unackedAlarm},-9.5 °F
2019-十月-14 17:10:00 PM CT,{ },{unackedAlarm},-8.5 °F
2019-十月-14 17:20:00 PM CT,{ },{unackedAlarm},-7.0 °F
2019-十月-14 17:30:00 PM CT,{ },{unackedAlarm},-9.5 °F
2019-十月-14 17:40:00 PM CT,{ },{unackedAlarm},-7.5 °F
2019-十月-14 17:50:00 PM CT,{ },{unackedAlarm},-7.5 °F
2019-十月-14 18:00:00 PM CT,{ },{unackedAlarm},-11.0 °F
2019-十月-14 18:10:00 PM CT,{ },{unackedAlarm},-10.0 °F
2019-十月-14 18:20:00 PM CT,{ },{unackedAlarm},-11.5 °F
2019-十月-14 18:30:00 PM CT,{ },{unackedAlarm},-9.5 °F
2019-十月-14 18:40:00 PM CT,{ },{unackedAlarm},-9.0 °F
2019-十月-14 18:50:00 PM CT,{ },{unackedAlarm},-8.5 °F
2019-十月-14 19:00:00 PM CT,{ },{unackedAlarm},-8.5 °F
2019-十月-14 19:10:00 PM CT,{ },{unackedAlarm},-11.5 °F
2019-十月-14 19:20:00 PM CT,{ },{unackedAlarm},-8.0 °F
2019-十月-14 19:30:00 PM CT,{ },{unackedAlarm},-11.0 °F
2019-十月-14 19:40:00 PM CT,{ },{unackedAlarm},-9.5 °F
2019-十月-14 19:50:00 PM CT,{ },{unackedAlarm},-8.5 °F
2019-十月-14 20:00:00 PM CT,{ },{unackedAlarm},-10.0 °F
2019-十月-14 20:10:00 PM CT,{ },{unackedAlarm},16.0 °F
2019-十月-14 20:20:00 PM CT,{ },{unackedAlarm},37.5 °F
2019-十月-14 20:30:00 PM CT,{ },{unackedAlarm},49.0 °F
2019-十月-14 20:40:00 PM CT,{ },{unackedAlarm},15.5 °F
2019-十月-14 20:50:00 PM CT,{ },"{fault,unackedAlarm}",-39.5 °F
2019-十月-14 21:00:00 PM CT,{ },{unackedAlarm},-8.0 °F
2019-十月-14 21:10:00 PM CT,{ },{unackedAlarm},-15.5 °F
2019-十月-14 21:20:00 PM CT,{ },{unackedAlarm},-9.5 °F
2019-十月-14 21:30:00 PM CT,{ },{unackedAlarm},-7.0 °F
2019-十月-14 21:40:00 PM CT,{ },{unackedAlarm},-9.5 °F
2019-十月-14 21:50:00 PM CT,{ },{unackedAlarm},-5.0 °F
2019-十月-14 22:00:00 PM CT,{ },{unackedAlarm},-10.0 °F
2019-十月-14 22:10:00 PM CT,{ },{unackedAlarm},-8.0 °F
2019-十月-14 22:20:00 PM CT,{ },{unackedAlarm},-9.0 °F
2019-十月-14 22:30:00 PM CT,{ },{unackedAlarm},-8.0 °F
2019-十月-14 22:40:00 PM CT,{ },{unackedAlarm},-9.0 °F
2019-十月-14 22:50:00 PM CT,{ },{unackedAlarm},-9.0 °F
2019-十月-14 23:00:00 PM CT,{ },{unackedAlarm},-9.5 °F
2019-十月-14 23:10:00 PM CT,{ },{unackedAlarm},-8.5 °F
2019-十月-14 23:20:00 PM CT,{ },{unackedAlarm},-9.0 °F
2019-十月-14 23:30:00 PM CT,{ },{unackedAlarm},-11.0 °F
2019-十月-14 23:40:00 PM CT,{ },{unackedAlarm},-10.5 °F
2019-十月-14 23:50:00 PM CT,{ },{unackedAlarm},-8.5 °F
2019-十月-15 00:00:00 AM CT,{ },{unackedAlarm},-11.5 °F
2019-十月-15 00:10:00 AM CT,{ },{unackedAlarm},-11.0 °F
2019-十月-15 00:20:00 AM CT,{ },{unackedAlarm},-9.5 °F
2019-十月-15 00:30:00 AM CT,{ },{unackedAlarm},-9.5 °F
2019-十月-15 00:40:00 AM CT,{ },{unackedAlarm},-10.5 °F
2019-十月-15 00:50:00 AM CT,{ },{unackedAlarm},-9.5 °F
2019-十月-15 01:00:00 AM CT,{ },{unackedAlarm},-10.5 °F
2019-十月-15 01:10:00 AM CT,{ },{unackedAlarm},-11.0 °F
2019-十月-15 01:20:00 AM CT,{ },{unackedAlarm},-10.5 °F
2019-十月-15 01:30:00 AM CT,{ },{unackedAlarm},-8.5 °F
2019-十月-15 01:40:00 AM CT,{ },{unackedAlarm},-11.5 °F
2019-十月-15 01:50:00 AM CT,{ },{unackedAlarm},-13.0 °F
2019-十月-15 02:00:00 AM CT,{ },{unackedAlarm},-8.5 °F
2019-十月-15 02:10:00 AM CT,{ },{unackedAlarm},9.0 °F
2019-十月-15 02:20:00 AM CT,{ },{unackedAlarm},34.5 °F
2019-十月-15 02:30:00 AM CT,{ },{unackedAlarm},47.5 °F
2019-十月-15 02:40:00 AM CT,{ },{unackedAlarm},13.5 °F
2019-十月-15 02:50:00 AM CT,{ },{unackedAlarm},-22.5 °F
2019-十月-15 03:00:00 AM CT,{ },{unackedAlarm},-21.5 °F
2019-十月-15 03:10:00 AM CT,{ },{unackedAlarm},-10.0 °F
2019-十月-15 03:20:00 AM CT,{ },{unackedAlarm},-7.5 °F
2019-十月-15 03:30:00 AM CT,{ },{unackedAlarm},-10.0 °F
2019-十月-15 03:40:00 AM CT,{ },{unackedAlarm},-6.5 °F
2019-十月-15 03:50:00 AM CT,{ },{unackedAlarm},-11.0 °F
2019-十月-15 04:00:00 AM CT,{ },{unackedAlarm},-9.0 °F
2019-十月-15 04:10:00 AM CT,{ },{unackedAlarm},-8.5 °F
2019-十月-15 04:20:00 AM CT,{ },{unackedAlarm},-8.0 °F
2019-十月-15 04:30:00 AM CT,{ },{unackedAlarm},-10.5 °F
2019-十月-15 04:40:00 AM CT,{ },{unackedAlarm},-8.0 °F
2019-十月-15 04:50:00 AM CT,{ },{unackedAlarm},-10.5 °F
2019-十月-15 05:00:00 AM CT,{ },{unackedAlarm},-7.0 °F
2019-十月-15 05:10:00 AM CT,{ },{unackedAlarm},-10.5 °F
2019-十月-15 05:20:00 AM CT,{ },{unackedAlarm},-10.0 °F
2019-十月-15 05:30:00 AM CT,{ },{unackedAlarm},-12.0 °F
2019-十月-15 05:40:00 AM CT,{ },{unackedAlarm},-6.5 °F
2019-十月-15 05:50:00 AM CT,{ },{unackedAlarm},-12.5 °F
2019-十月-15 06:00:00 AM CT,{ },{unackedAlarm},-6.5 °F
2019-十月-15 06:10:00 AM CT,{ },{unackedAlarm},-12.0 °F
2019-十月-15 06:20:00 AM CT,{ },{unackedAlarm},-9.5 °F
2019-十月-15 06:30:00 AM CT,{ },{unackedAlarm},-11.5 °F
2019-十月-15 06:40:00 AM CT,{ },{unackedAlarm},-8.5 °F
2019-十月-15 06:50:00 AM CT,{ },{unackedAlarm},-13.0 °F
2019-十月-15 07:00:00 AM CT,{ },{unackedAlarm},-8.5 °F
2019-十月-15 07:10:00 AM CT,{ },{unackedAlarm},-11.5 °F
2019-十月-15 07:20:00 AM CT,{ },{unackedAlarm},-10.0 °F
2019-十月-15 07:30:00 AM CT,{ },{unackedAlarm},-7.5 °F
2019-十月-15 07:40:00 AM CT,{ },{unackedAlarm},-12.0 °F
2019-十月-15 07:50:00 AM CT,{ },{unackedAlarm},-10.0 °F
2019-十月-15 08:00:00 AM CT,{ },{unackedAlarm},-11.5 °F
2019-十月-15 08:10:00 AM CT,{ },{unackedAlarm},14.0 °F
2019-十月-15 08:20:00 AM CT,{ },{unackedAlarm},36.0 °F
2019-十月-15 08:30:00 AM CT,{ },{unackedAlarm},48.0 °F
2019-十月-15 08:40:00 AM CT,{ },{unackedAlarm},16.5 °F
2019-十月-15 08:50:00 AM CT,{ },"{fault,unackedAlarm}",-39.5 °F
2019-十月-15 09:00:00 AM CT,{ },{unackedAlarm},-18.0 °F
2019-十月-15 09:10:00 AM CT,{ },{unackedAlarm},-17.5 °F
2019-十月-15 09:20:00 AM CT,{ },{unackedAlarm},-10.0 °F
2019-十月-15 09:30:00 AM CT,{ },{unackedAlarm},-9.5 °F
2019-十月-15 09:40:00 AM CT,{ },{unackedAlarm},-2.0 °F
2019-十月-15 09:50:00 AM CT,{ },{unackedAlarm},-7.0 °F
2019-十月-15 10:00:00 AM CT,{ },{unackedAlarm},-5.5 °F
2019-十月-15 10:10:00 AM CT,{ },{unackedAlarm},-9.0 °F
2019-十月-15 10:20:00 AM CT,{ },{unackedAlarm},-5.0 °F
2019-十月-15 10:30:00 AM CT,{ },{unackedAlarm},-6.5 °F
2019-十月-15 10:40:00 AM CT,{ },{unackedAlarm},-6.0 °F
2019-十月-15 10:50:00 AM CT,{ },{unackedAlarm},-7.0 °F
2019-十月-15 11:00:00 AM CT,{ },{unackedAlarm},-6.5 °F
2019-十月-15 11:10:00 AM CT,{ },{unackedAlarm},-7.5 °F
2019-十月-15 11:20:00 AM CT,{ },{unackedAlarm},-2.5 °F
2019-十月-15 11:30:00 AM CT,{ },{unackedAlarm},-7.5 °F
2019-十月-15 11:40:00 AM CT,{ },{unackedAlarm},-1.0 °F
2019-十月-15 11:50:00 AM CT,{ },{unackedAlarm},-7.0 °F
2019-十月-15 12:00:00 PM CT,{ },{unackedAlarm},-6.5 °F
2019-十月-15 12:10:00 PM CT,{ },{unackedAlarm},-4.5 °F
2019-十月-15 12:20:00 PM CT,{ },{unackedAlarm},-5.0 °F
2019-十月-15 12:30:00 PM CT,{ },{unackedAlarm},-6.5 °F
2019-十月-15 12:40:00 PM CT,{ },{unackedAlarm},-7.0 °F
2019-十月-15 12:50:00 PM CT,{ },{unackedAlarm},-5.5 °F
2019-十月-15 13:00:00 PM CT,{ },{unackedAlarm},-6.0 °F
2019-十月-15 13:10:00 PM CT,{ },{unackedAlarm},-7.5 °F
2019-十月-15 13:20:00 PM CT,{ },{unackedAlarm},-6.0 °F
2019-十月-15 13:30:00 PM CT,{ },{unackedAlarm},-9.0 °F
2019-十月-15 13:40:00 PM CT,{ },{unackedAlarm},-8.5 °F
2019-十月-15 13:50:00 PM CT,{ },{unackedAlarm},-6.0 °F
2019-十月-15 14:00:00 PM CT,{ },{unackedAlarm},-7.0 °F
2019-十月-15 14:10:00 PM CT,{ },{unackedAlarm},17.0 °F
2019-十月-15 14:20:00 PM CT,{ },{unackedAlarm},39.5 °F
2019-十月-15 14:30:00 PM CT,{ },{unackedAlarm},51.5 °F
2019-十月-15 14:40:00 PM CT,{ },{unackedAlarm},8.0 °F
2019-十月-15 14:50:00 PM CT,{ },"{fault,unackedAlarm}",-39.5 °F
2019-十月-15 15:00:00 PM CT,{ },"{fault,unackedAlarm}",-39.5 °F
2019-十月-15 15:10:00 PM CT,{ },{unackedAlarm},-2.0 °F
2019-十月-15 15:20:00 PM CT,{ },{unackedAlarm},-6.0 °F
2019-十月-15 15:30:00 PM CT,{ },{unackedAlarm},-4.5 °F
2019-十月-15 15:40:00 PM CT,{ },{unackedAlarm},-7.0 °F
2019-十月-15 15:50:00 PM CT,{ },{unackedAlarm},-6.5 °F
2019-十月-15 16:00:00 PM CT,{ },{unackedAlarm},-6.0 °F
2019-十月-15 16:10:00 PM CT,{ },{unackedAlarm},-6.5 °F
2019-十月-15 16:20:00 PM CT,{ },{unackedAlarm},-5.5 °F
2019-十月-15 16:30:00 PM CT,{ },{unackedAlarm},-9.5 °F
2019-十月-15 16:40:00 PM CT,{ },{unackedAlarm},-9.0 °F
2019-十月-15 16:50:00 PM CT,{ },{unackedAlarm},-3.5 °F
2019-十月-15 17:00:00 PM CT,{ },{unackedAlarm},-8.5 °F
2019-十月-15 17:10:00 PM CT,{ },{unackedAlarm},-5.5 °F
2019-十月-15 17:20:00 PM CT,{ },{unackedAlarm},-6.5 °F
2019-十月-15 17:30:00 PM CT,{ },{unackedAlarm},-8.5 °F
2019-十月-15 17:40:00 PM CT,{ },{unackedAlarm},-3.5 °F
2019-十月-15 17:50:00 PM CT,{ },{unackedAlarm},-7.0 °F
2019-十月-15 18:00:00 PM CT,{ },{unackedAlarm},-3.5 °F
2019-十月-15 18:10:00 PM CT,{ },{unackedAlarm},-9.5 °F
2019-十月-15 18:20:00 PM CT,{ },{unackedAlarm},-7.5 °F
2019-十月-15 18:30:00 PM CT,{ },{unackedAlarm},-10.5 °F
2019-十月-15 18:40:00 PM CT,{ },{unackedAlarm},-7.5 °F
2019-十月-15 18:50:00 PM CT,{ },{unackedAlarm},-6.0 °F
2019-十月-15 19:00:00 PM CT,{ },{unackedAlarm},-9.0 °F
2019-十月-15 19:10:00 PM CT,{ },{unackedAlarm},-8.5 °F
2019-十月-15 19:20:00 PM CT,{ },{unackedAlarm},-7.5 °F
2019-十月-15 19:30:00 PM CT,{ },{unackedAlarm},-9.0 °F
2019-十月-15 19:40:00 PM CT,{ },{unackedAlarm},-8.0 °F
2019-十月-15 19:50:00 PM CT,{ },{unackedAlarm},-6.5 °F
2019-十月-15 20:00:00 PM CT,{ },{unackedAlarm},-7.5 °F
2019-十月-15 20:10:00 PM CT,{ },{unackedAlarm},20.0 °F
2019-十月-15 20:20:00 PM CT,{ },{unackedAlarm},39.5 °F
2019-十月-15 20:30:00 PM CT,{ },{unackedAlarm},52.0 °F
2019-十月-15 20:40:00 PM CT,{ },{unackedAlarm},10.5 °F
2019-十月-15 20:50:00 PM CT,{ },"{fault,unackedAlarm}",-39.5 °F
2019-十月-15 21:00:00 PM CT,{ },"{fault,unackedAlarm}",-39.5 °F
2019-十月-15 21:10:00 PM CT,{ },{unackedAlarm},-2.5 °F
2019-十月-15 21:20:00 PM CT,{ },{unackedAlarm},-5.5 °F
2019-十月-15 21:30:00 PM CT,{ },{unackedAlarm},-6.0 °F
2019-十月-15 21:40:00 PM CT,{ },{unackedAlarm},-5.5 °F
2019-十月-15 21:50:00 PM CT,{ },{unackedAlarm},-6.5 °F
2019-十月-15 22:00:00 PM CT,{ },{unackedAlarm},-8.5 °F
2019-十月-15 22:10:00 PM CT,{ },{unackedAlarm},-6.5 °F
2019-十月-15 22:20:00 PM CT,{ },{unackedAlarm},-5.0 °F
2019-十月-15 22:30:00 PM CT,{ },{unackedAlarm},-5.5 °F
2019-十月-15 22:40:00 PM CT,{ },{unackedAlarm},-9.5 °F
2019-十月-15 22:50:00 PM CT,{ },{unackedAlarm},-7.5 °F
2019-十月-15 23:00:00 PM CT,{ },{unackedAlarm},-7.5 °F
2019-十月-15 23:10:00 PM CT,{ },{unackedAlarm},-7.0 °F
2019-十月-15 23:20:00 PM CT,{ },{unackedAlarm},-7.5 °F
2019-十月-15 23:30:00 PM CT,{ },{unackedAlarm},-9.0 °F
2019-十月-15 23:40:00 PM CT,{ },{unackedAlarm},-6.5 °F
2019-十月-15 23:50:00 PM CT,{ },{unackedAlarm},-6.0 °F
2019-十月-16 00:00:00 AM CT,{ },{unackedAlarm},-10.0 °F
2019-十月-16 00:10:00 AM CT,{ },{unackedAlarm},-9.0 °F
2019-十月-16 00:20:00 AM CT,{ },{unackedAlarm},-5.5 °F
2019-十月-16 00:30:00 AM CT,{ },{unackedAlarm},-7.0 °F
2019-十月-16 00:40:00 AM CT,{ },{unackedAlarm},-6.5 °F
2019-十月-16 00:50:00 AM CT,{ },{unackedAlarm},-8.5 °F
2019-十月-16 01:00:00 AM CT,{ },{unackedAlarm},-7.5 °F
2019-十月-16 01:10:00 AM CT,{ },{unackedAlarm},-8.5 °F
2019-十月-16 01:20:00 AM CT,{ },{unackedAlarm},-8.5 °F
2019-十月-16 01:30:00 AM CT,{ },{unackedAlarm},-8.0 °F
2019-十月-16 01:40:00 AM CT,{ },{unackedAlarm},-11.0 °F
2019-十月-16 01:50:00 AM CT,{ },{unackedAlarm},-7.5 °F
2019-十月-16 02:00:00 AM CT,{ },{unackedAlarm},-10.5 °F
2019-十月-16 02:10:00 AM CT,{ },{unackedAlarm},18.5 °F
2019-十月-16 02:20:00 AM CT,{ },{unackedAlarm},39.5 °F
2019-十月-16 02:30:00 AM CT,{ },{unackedAlarm},53.0 °F
2019-十月-16 02:40:00 AM CT,{ },"{fault,unackedAlarm}",-39.5 °F
2019-十月-16 02:50:00 AM CT,{ },"{fault,unackedAlarm}",-39.5 °F
2019-十月-16 03:00:00 AM CT,{ },{unackedAlarm},-3.0 °F
2019-十月-16 03:10:00 AM CT,{ },{unackedAlarm},-10.5 °F
2019-十月-16 03:20:00 AM CT,{ },{unackedAlarm},-7.0 °F
2019-十月-16 03:30:00 AM CT,{ },{unackedAlarm},-6.0 °F
2019-十月-16 03:40:00 AM CT,{ },{unackedAlarm},-8.0 °F
2019-十月-16 03:50:00 AM CT,{ },{unackedAlarm},-7.0 °F
2019-十月-16 04:00:00 AM CT,{ },{unackedAlarm},-6.5 °F
2019-十月-16 04:10:00 AM CT,{ },{unackedAlarm},-7.5 °F
2019-十月-16 04:20:00 AM CT,{ },{unackedAlarm},-7.0 °F
2019-十月-16 04:30:00 AM CT,{ },{unackedAlarm},-6.5 °F
2019-十月-16 04:40:00 AM CT,{ },{unackedAlarm},-8.5 °F
2019-十月-16 04:50:00 AM CT,{ },{unackedAlarm},-3.5 °F
2019-十月-16 05:00:00 AM CT,{ },{unackedAlarm},-6.0 °F
2019-十月-16 05:10:00 AM CT,{ },{unackedAlarm},-7.0 °F
2019-十月-16 05:20:00 AM CT,{ },{unackedAlarm},-6.5 °F
2019-十月-16 05:30:00 AM CT,{ },{unackedAlarm},-8.0 °F
2019-十月-16 05:40:00 AM CT,{ },{unackedAlarm},-6.5 °F
2019-十月-16 05:50:00 AM CT,{ },{unackedAlarm},-7.0 °F
2019-十月-16 06:00:00 AM CT,{ },{unackedAlarm},-9.5 °F
2019-十月-16 06:10:00 AM CT,{ },{unackedAlarm},-8.5 °F
2019-十月-16 06:20:00 AM CT,{ },{unackedAlarm},-8.5 °F
2019-十月-16 06:30:00 AM CT,{ },{unackedAlarm},-9.0 °F
2019-十月-16 06:40:00 AM CT,{ },{unackedAlarm},-6.5 °F
2019-十月-16 06:50:00 AM CT,{ },{unackedAlarm},-8.5 °F
2019-十月-16 07:00:00 AM CT,{ },{unackedAlarm},-8.5 °F
2019-十月-16 07:10:00 AM CT,{ },{unackedAlarm},-8.0 °F
2019-十月-16 07:20:00 AM CT,{ },{unackedAlarm},-9.5 °F
2019-十月-16 07:30:00 AM CT,{ },{unackedAlarm},-6.5 °F
2019-十月-16 07:40:00 AM CT,{ },{unackedAlarm},-8.5 °F
2019-十月-16 07:50:00 AM CT,{ },{unackedAlarm},-7.0 °F
2019-十月-16 08:00:00 AM CT,{ },{unackedAlarm},-11.0 °F
2019-十月-16 08:10:00 AM CT,{ },{unackedAlarm},18.0 °F
2019-十月-16 08:20:00 AM CT,{ },{unackedAlarm},38.5 °F
2019-十月-16 08:30:00 AM CT,{ },{unackedAlarm},51.5 °F
2019-十月-16 08:40:00 AM CT,{ },{unackedAlarm},15.0 °F
2019-十月-16 08:50:00 AM CT,{ },{unackedAlarm},-15.5 °F
2019-十月-16 09:00:00 AM CT,{ },{unackedAlarm},-1.5 °F
2019-十月-16 09:10:00 AM CT,{ },{unackedAlarm},-2.5 °F
2019-十月-16 09:20:00 AM CT,{ },{unackedAlarm},-5.0 °F
2019-十月-16 09:30:00 AM CT,{ },{unackedAlarm},-3.0 °F
2019-十月-16 09:40:00 AM CT,{ },{unackedAlarm},-3.5 °F
2019-十月-16 09:50:00 AM CT,{ },{unackedAlarm},-7.0 °F
2019-十月-16 10:00:00 AM CT,{ },{unackedAlarm},-6.0 °F
2019-十月-16 10:10:00 AM CT,{ },{unackedAlarm},-9.5 °F
2019-十月-16 10:20:00 AM CT,{ },{unackedAlarm},-7.5 °F
2019-十月-16 10:30:00 AM CT,{ },{unackedAlarm},-7.5 °F
2019-十月-16 10:40:00 AM CT,{ },{unackedAlarm},-5.5 °F
2019-十月-16 10:50:00 AM CT,{ },{unackedAlarm},-3.0 °F
2019-十月-16 11:00:00 AM CT,{ },{unackedAlarm},-8.0 °F
2019-十月-16 11:10:00 AM CT,{ },{unackedAlarm},-7.5 °F
2019-十月-16 11:20:00 AM CT,{ },{unackedAlarm},-5.5 °F
2019-十月-16 11:30:00 AM CT,{ },{unackedAlarm},-7.0 °F
2019-十月-16 11:40:00 AM CT,{ },{unackedAlarm},-5.0 °F
2019-十月-16 11:50:00 AM CT,{ },{unackedAlarm},-5.0 °F
2019-十月-16 12:00:00 PM CT,{ },{unackedAlarm},-7.0 °F
2019-十月-16 12:10:00 PM CT,{ },{unackedAlarm},-5.5 °F
2019-十月-16 12:20:00 PM CT,{ },{unackedAlarm},-9.0 °F
2019-十月-16 12:30:00 PM CT,{ },{unackedAlarm},-7.0 °F
2019-十月-16 12:40:00 PM CT,{ },{unackedAlarm},-7.0 °F
2019-十月-16 12:50:00 PM CT,{ },{unackedAlarm},-7.0 °F
2019-十月-16 13:00:00 PM CT,{ },{unackedAlarm},-7.0 °F
2019-十月-16 13:10:00 PM CT,{ },{unackedAlarm},-7.5 °F
2019-十月-16 13:20:00 PM CT,{ },{unackedAlarm},-7.5 °F
2019-十月-16 13:30:00 PM CT,{ },{unackedAlarm},-9.0 °F
2019-十月-16 13:40:00 PM CT,{ },{unackedAlarm},-5.0 °F
2019-十月-16 13:50:00 PM CT,{ },{unackedAlarm},-10.0 °F
2019-十月-16 14:00:00 PM CT,{ },{unackedAlarm},-5.5 °F
2019-十月-16 14:10:00 PM CT,{ },{unackedAlarm},17.5 °F
2019-十月-16 14:20:00 PM CT,{ },{unackedAlarm},38.0 °F
